student_id,srn,name,role,class,year,department,branch,totalPoints,achievement_id,achievement_title,achievement_description,domain,proof,points,difficultyLevel,skillTags,createdAt
1,2025CSE001,Preeti Kapoor,student,B.Tech,2.0,CSE,Aiml,50.0,1,Todo List App,Built a full-stack todo list web application using React and Node.js.,Project,https://github.com/student1/todo-app,15.0,Advanced,,
1,2025CSE001,Preeti Kapoor,student,B.Tech,2.0,CSE,Aiml,50.0,2,Local Hackathon Winner,Won 1st place in college-level hackathon developing AI-based chatbot.,Hackathon,certificate.jpeg,30.0,Advanced,,
1,2025CSE001,Preeti Kapoor,student,B.Tech,2.0,CSE,Aiml,50.0,200,Docker & Kubernetes Deployment,"Containerized a full-stack Node.js application using Docker, orchestrated with Kubernetes on a local cluster, implemented rolling updates and health checks.",Project,https://github.com/preetik/docker-k8s-demo,32.0,Advanced,"Docker, Kubernetes, Node.js, DevOps, YAML",
1,2025CSE001,Preeti Kapoor,student,B.Tech,2.0,CSE,Aiml,50.0,201,AWS Certified Cloud Practitioner,"Earned AWS Cloud Practitioner certification demonstrating knowledge of core AWS services, security, architecture, and pricing.",Certification,Not Provided,28.0,Intermediate,,
1,2025CSE001,Preeti Kapoor,student,B.Tech,2.0,CSE,Aiml,50.0,202,LangChain RAG Chatbot,"Built a Retrieval-Augmented Generation chatbot using LangChain, FAISS vector store, and OpenAI embeddings to answer questions over custom PDF documents.",Project,https://github.com/preetik/rag-chatbot,38.0,Advanced,"Python, LangChain, RAG, Embeddings, GenAI, FAISS",
1,2025CSE001,Preeti Kapoor,student,B.Tech,2.0,CSE,Aiml,50.0,203,FastAPI REST Backend,"Developed a production-ready REST API using FastAPI with JWT authentication, PostgreSQL integration, Alembic migrations, and automated tests with pytest.",Project,https://github.com/preetik/fastapi-backend,30.0,Advanced,"FastAPI, Python, PostgreSQL, JWT, REST API, pytest",
1,2025CSE001,Preeti Kapoor,student,B.Tech,2.0,CSE,Unknown,50.0,204,MLflow Experiment Tracking,"Integrated MLflow into a machine learning pipeline to track experiments, log metrics, register models, and compare runs across hyperparameter tuning sessions.",Project,Not Provided,25.0,Intermediate,"MLflow, Python, Machine Learning, MLOps, scikit-learn",
1,2025CSE001,Preeti Kapoor,student,B.Tech,2.0,CSE,Aiml,50.0,1757187586529,,"Oracle offers the Oracle Cloud Infrastructure (OCI) Generative AI Professional certification, designed for technical professionals who want to demonstrate expertise in building and deploying generative AI solutions on the OCI platform.",Project,/uploads/1757187586512.jpg,10.0,Advanced,,2025-09-06T19:39:46.000Z
1,2025CSE001,Preeti Kapoor,student,B.Tech,2.0,CSE,Aiml,50.0,1757199320312,Ai sustainability,"Balancing AI's double-edged nature: AI can be both a solution and a challenge for sustainability. Workshops examine how to leverage AI's benefits while addressing its own environmental impact, such as the high energy consumption of training large models.
Addressing the UN Sustainable Development Goals (SDGs): Many workshops focus on specific SDGs, with hands-on exercises and case studies on how AI can accelerate progress in areas like climate action, responsible production, quality education, and clean energy.",Project,Not Provided,10.0,Advanced,,2025-09-06T22:55:20.000Z
1,2025CSE001,Preeti Kapoor,student,B.Tech,2.0,CSE,Aiml,50.0,1758272663576,codeathon,quantum navigation,Project,/uploads/1758272663010.pptx,10.0,Advanced,,2025-09-19T09:04:23.000Z
1,2025CSE001,Preeti Kapoor,student,B.Tech,2.0,CSE,Aiml,50.0,1758273001834,soc analyst course,"and security incidents within an organization's IT infrastructure. Courses cover fundamental concepts of information security, threat intelligence, log management using SIEM (Security Information and Event Management) tools, incident response procedures, and hands-on experience with leading cybersecurity tools like Splunk and Wireshark.",Project,/uploads/1758273001827.png,10.0,Advanced,,2025-09-19T09:10:01.000Z
1,2025CSE001,Preeti Kapoor,student,B.Tech,2.0,CSE,Aiml,50.0,1773663887388,won hackathon,won a state level hackathon,Project,Not Provided,10.0,Advanced,,2026-03-16T12:24:47.000Z
2,2025CSE002,Alice Verma,student,B.Tech,2.0,CSE,Iot,35.0,3,Portfolio Website,Created a personal portfolio website deployed on Vercel.,Project,https://vercel.com/student2/portfolio,20.0,Advanced,,
2,2025CSE002,Alice Verma,student,B.Tech,2.0,CSE,Unknown,35.0,4,Internship at AI Startup,Completed 2-month internship working on NLP pipelines.,Internship,LinkedIn.com/in/student2,30.0,Advanced,,
2,2025CSE002,Alice Verma,student,B.Tech,2.0,CSE,Unknown,35.0,205,React + TypeScript Dashboard,"Built a real-time analytics dashboard using React 18, TypeScript, Recharts, and Tanstack Query with live data polling and responsive layout.",Project,https://github.com/alicev/react-ts-dashboard,33.0,Intermediate,"React, TypeScript, Recharts, REST API, Responsive Design",
2,2025CSE002,Alice Verma,student,B.Tech,2.0,CSE,Iot,35.0,206,Docker Compose Microservices,"Set up a multi-service application with Docker Compose including Node.js API, Redis cache, PostgreSQL, and Nginx reverse proxy.",Project,https://github.com/alicev/docker-compose-ms,29.0,Intermediate,"Docker, Docker Compose, Redis, PostgreSQL, Nginx, Microservices",
2,2025CSE002,Alice Verma,student,B.Tech,2.0,CSE,Iot,35.0,207,IoT Smart Agriculture System,"Designed an IoT-based soil moisture and temperature monitoring system using ESP32, MQTT broker, InfluxDB, and a Grafana dashboard.",Project,Not Provided,28.0,Advanced,"IoT, ESP32, MQTT, InfluxDB, Grafana, Embedded Systems",
2,2025CSE002,Alice Verma,student,B.Tech,2.0,CSE,Iot,35.0,208,Google Cloud Associate Certification,"Completed Google Cloud Associate Cloud Engineer certification covering Compute Engine, GKE, Cloud Storage, IAM, and VPC networking.",Project,https://cloud.google.com/certification/verify/alicev,30.0,Advanced,"Google Cloud, GKE, Compute Engine, IAM, Networking",
2,2025CSE002,Alice Verma,student,B.Tech,2.0,CSE,Unknown,35.0,209,HackerRank 5-Star Python,Achieved 5-star gold badge on HackerRank Python track by solving 80+ algorithmic challenges including data structures and OOP.,Competition,https://hackerrank.com/alicev,18.0,Advanced,"Python, Data Structures, Algorithms, OOP",
3,2025ECE003,Rahul Gupta,student,B.Tech,3.0,ECE,Communication Networks,40.0,5,Research Paper on IoT,Published research paper on IoT sensor optimization in IEEE.,Project,https://ieeexplore.ieee.org/document/1234567,40.0,Advanced,,
3,2025ECE003,Rahul Gupta,student,B.Tech,3.0,ECE,Communication Networks,40.0,210,5G NR Protocol Stack Implementation,"Implemented a simplified 5G NR MAC layer scheduler in Python simulating HARQ retransmissions, CQI feedback, and resource block allocation.",Project,https://github.com/rahulg/5g-nr-mac,37.0,Advanced,"5G, Python, Networking, Simulation, Signal Processing",
3,2025ECE003,Rahul Gupta,student,B.Tech,3.0,ECE,Communication Networks,40.0,211,Wireshark Network Forensics Internship,"Interned at a network security firm analyzing packet captures with Wireshark, identifying anomalies, and documenting threat reports for 3 enterprise clients.",Internship,linkedin.com/in/rahulgupta-ece,34.0,Advanced,"Wireshark, Networking, Security, Linux, Forensics",
3,2025ECE003,Rahul Gupta,student,B.Tech,3.0,ECE,Communication Networks,40.0,212,MATLAB DSP Filter Bank,"Designed and simulated a multi-rate filter bank for audio signal processing in MATLAB, validated against reference implementations.",Project,https://github.com/rahulg/matlab-filterbank,26.0,Intermediate,"MATLAB, DSP, Signal Processing, Filter Design",
3,2025ECE003,Rahul Gupta,student,B.Tech,3.0,ECE,Communication Networks,40.0,213,OpenWRT Router Customization,"Flashed OpenWRT on a TP-Link router, configured custom firewall rules, VPN tunneling, and bandwidth QoS policies using LuCI and shell scripting.",Project,https://github.com/rahulg/openwrt-config,22.0,Intermediate,,
3,2025ECE003,Rahul Gupta,student,B.Tech,3.0,ECE,Unknown,40.0,214,IEEE Paper: Beamforming MIMO,Published research paper on adaptive beamforming techniques for MIMO antenna arrays in indoor environments at IEEE ANTS 2025 conference.,Research Paper,https://ieeexplore.ieee.org/document/rahulg-mimo,42.0,Advanced,"MIMO, Beamforming, Signal Processing, Research, MATLAB",
4,2025ME004,Sneha Rao,student,B.Tech,1.0,ME,Aerospace,15.0,6,Data Science Bootcamp,"Completed a 6-week intensive bootcamp on data science covering Python, Pandas, and basic ML models.",Course,Not Provided,25.0,Advanced,,
4,2025ME004,Sneha Rao,student,B.Tech,1.0,ME,Aerospace,15.0,215,Python for Aerospace Data Analysis,"Completed a 6-week course on using Python (NumPy, Pandas, Matplotlib) for aerodynamics data analysis and visualization.",Course,coursera.org/verify/sneharo-pyaero,20.0,Beginner,"Python, NumPy, Pandas, Matplotlib, Data Analysis",
4,2025ME004,Sneha Rao,student,B.Tech,1.0,ME,Aerospace,15.0,216,OpenFOAM CFD Simulation,"Ran a basic CFD simulation of airflow over an NACA 0012 airfoil using OpenFOAM, post-processed with ParaView.",Project,https://github.com/sneharo/openfoam-naca,24.0,Advanced,"CFD, OpenFOAM, Simulation, Aerospace, ParaView",
4,2025ME004,Sneha Rao,student,B.Tech,1.0,ME,Aerospace,15.0,217,ANSYS Structural Analysis,"Performed finite element analysis of a truss structure under load using ANSYS Mechanical, validated results against hand calculations.",Project,sneharo_ansys_truss.pdf,18.0,Beginner,"ANSYS, FEA, Structural Analysis, Mechanical Design",
4,,Sneha Rao,student,B.Tech,1.0,ME,Aerospace,15.0,218,Drone Assembly & Calibration,"Assembled a 250mm FPV racing drone from components, configured flight controller firmware (Betaflight), and tuned PID parameters for stable flight.",Project,https://github.com/sneharo/fpv-drone-build,22.0,Intermediate,,
5,2025CSE005,Karan Singh,student,B.Tech,4.0,CSE,Iot,50.0,7,Open Source Contributor,Contributed bug fixes and documentation updates to a popular open-source Node.js project.,Project,https://github.com/student5/contributions,28.0,Advanced,,
5,2025CSE005,Karan Singh,student,B.Tech,4.0,CSE,Iot,50.0,219,Kubernetes Operator Development,Developed a custom Kubernetes operator in Go using controller-runtime to manage lifecycle of a custom CRD for database provisioning.,Project,Not Provided,42.0,Advanced,"Kubernetes, Go, Docker, DevOps, CRD, Cloud Native",
5,2025CSE005,Karan Singh,student,B.Tech,4.0,CSE,Iot,50.0,220,Terraform AWS Infrastructure,"Wrote Terraform modules to provision a complete AWS infrastructure: VPC, ECS cluster, RDS, ALB, Route53, and ACM certificates with remote state in S3.",Project,https://github.com/karans/terraform-aws-infra,38.0,Advanced,"Terraform, AWS, IaC, DevOps, VPC, ECS, RDS",
5,2025CSE005,Karan Singh,student,B.Tech,4.0,CSE,Unknown,50.0,221,Redis Caching Layer Implementation,"Added Redis caching to a high-traffic Express.js API, reducing average response time from 340ms to 45ms with cache invalidation strategies.",Project,https://github.com/karans/redis-caching,28.0,Intermediate,"Redis, Node.js, Express, Performance, Backend",
5,2025CSE005,Karan Singh,student,B.Tech,4.0,CSE,Iot,50.0,222,GitHub Actions CI/CD Pipeline,"Built a complete CI/CD pipeline using GitHub Actions for a monorepo: parallel test runs, Docker build/push to ECR, and Kubernetes rolling deploy.",Project,https://github.com/karans/cicd-pipeline,28.0,Advanced,"GitHub Actions, CI/CD, Docker, Kubernetes, DevOps",
5,2025CSE005,Karan Singh,student,B.Tech,4.0,CSE,Iot,50.0,223,System Design Interview Prep,"Completed comprehensive system design study covering distributed systems, CAP theorem, consistent hashing, message queues, and designed Uber/Twitter clones.",Course,https://github.com/karans/system-design-notes,20.0,Advanced,,
6,2025ECE006,Riya Mehta,student,B.Tech,3.0,ECE,Communication Networks,25.0,8,Math Olympiad Finalist,Reached the national finals in the Indian Math Olympiad representing the state team.,Competition,math_olympiad_certificate.jpg,28.0,Advanced,,
6,2025ECE006,Riya Mehta,student,B.Tech,3.0,ECE,Communication Networks,25.0,224,Network Simulation with NS3,"Simulated a TCP/IP network topology with 50 nodes using NS3, analyzed throughput, latency, and packet loss under varying congestion scenarios.",Project,Not Provided,28.0,Intermediate,"NS3, Networking, TCP/IP, Simulation, Python",
6,2025ECE006,Riya Mehta,student,B.Tech,3.0,ECE,Communication Networks,25.0,225,Cisco CCNA Certification,"Earned Cisco CCNA certification covering routing protocols (OSPF, EIGRP, BGP), VLANs, STP, NAT, and network security fundamentals.",Certification,Not Provided,35.0,Advanced,"Cisco, CCNA, Routing, Networking, VLANs, OSPF",
6,2025ECE006,Riya Mehta,student,B.Tech,3.0,ECE,Communication Networks,25.0,226,SDN Controller with Ryu,"Implemented a Software Defined Networking controller using Ryu framework to manage OpenFlow switches, with load balancing and dynamic flow rules.",Project,https://github.com/riyam/ryu-sdn-controller,32.0,Advanced,"SDN, OpenFlow, Python, Networking, Ryu",
6,2025ECE006,Riya Mehta,student,B.Tech,3.0,ECE,Communication Networks,25.0,227,LTE Network Performance Analysis,"Analyzed LTE downlink performance using MATLAB by simulating PDSCH channel with MIMO 2x2, OFDM, and adaptive modulation and coding.",Research,riyam_lte_analysis.pdf,25.0,Advanced,"LTE, MATLAB, MIMO, OFDM, Signal Processing",
7,,Amit Kumar,student,B.Tech,2.0,ME,Aerospace,30.0,9,Robotics Workshop,Built a line-following robot using Arduino and infrared sensors during a college robotics workshop.,Workshop,robotics_workshop_certificate.pdf,20.0,Advanced,,
7,2025ME007,Amit Kumar,student,B.Tech,2.0,ME,Aerospace,30.0,18,Blockchain Bootcamp,Completed blockchain bootcamp building smart contracts on Ethereum.,Course,blockchain_bootcamp_certificate.pdf,26.0,Advanced,,
7,2025ME007,Amit Kumar,student,B.Tech,2.0,ME,Unknown,30.0,27,AI Club Core Member,Served as AI Club core team member organizing ML study jams.,Extra-Curricular,ai_club_certificate.pdf,18.0,Advanced,,
7,2025ME007,Amit Kumar,student,B.Tech,2.0,ME,Aerospace,30.0,228,ROS2 Navigation Stack,"Implemented autonomous navigation for a differential drive robot using ROS2 Nav2 stack, SLAM Toolbox for mapping, and AMCL for localization.",Project,https://github.com/amitk/ros2-nav-robot,38.0,Advanced,"ROS2, SLAM, Python, Robotics, Navigation, Computer Vision",
7,2025ME007,Amit Kumar,student,B.Tech,2.0,ME,Unknown,30.0,229,Python FastAPI Microservice,"Built a FastAPI microservice for telemetry data ingestion from IoT sensors, with Pydantic validation, async DB writes to TimescaleDB.",Project,https://github.com/amitk/telemetry-api,28.0,Intermediate,"FastAPI, Python, TimescaleDB, Async, REST API, IoT",
7,2025ME007,Amit Kumar,student,B.Tech,2.0,ME,Aerospace,30.0,230,SolidWorks Rocket Fin Design,"Designed aerodynamic fin assembly for a model rocket in SolidWorks, ran FEA stress analysis and CFD drag coefficient estimation.",Project,Not Provided,22.0,Intermediate,"SolidWorks, CFD, FEA, Aerospace, Mechanical Design",
7,2025ME007,Amit Kumar,student,B.Tech,2.0,ME,Unknown,30.0,231,,"Containerized a ROS2 application in Docker with X11 forwarding for GUI tools like RViz, enabling consistent dev environments across team.",Project,https://github.com/amitk/docker-ros2,24.0,Intermediate,"Docker, ROS2, Linux, DevOps, Robotics",
7,2025ME007,Amit Kumar,student,B.Tech,2.0,ME,Aerospace,30.0,232,Kaggle Tabular Competitions,"Participated in 3 Kaggle tabular data competitions, achieving top 15% in all using XGBoost, feature engineering, and ensemble stacking.",Competition,https://kaggle.com/amitk,26.0,Intermediate,"Python, XGBoost, Feature Engineering, Machine Learning, Pandas",
8,2025CSE008,Neha Jain,student,B.Tech,2.0,CSE,Iot,10.0,10,Cloud Fundamentals Certification,Earned AWS Cloud Practitioner certification showcasing understanding of core AWS services.,Certification,https://aws.amazon.com/certification,25.0,Advanced,,
8,2025CSE008,Neha Jain,student,B.Tech,1.0,CSE,Iot,10.0,19,ML Research Paper,Co-authored research paper on supervised learning models published in Springer.,Research Paper,Not Provided,40.0,Advanced,,
8,2025CSE008,Neha Jain,student,B.Tech,1.0,CSE,Iot,10.0,28,Research Paper on NLP,Published paper on sentiment analysis in international conference proceedings.,Research Paper,https://icmlconf.com/student8-nlp,42.0,Advanced,,
8,2025CSE008,Neha Jain,student,B.Tech,1.0,CSE,Iot,10.0,233,Arduino IoT Weather Station,"Built a complete IoT weather station using Arduino Uno, DHT22, BMP280 sensors, uploading data to ThingSpeak via WiFi module every 30 seconds.",Project,https://github.com/nehaj/iot-weather-station,20.0,Beginner,"Arduino, IoT, C++, Sensors, ThingSpeak",
8,2025CSE008,Neha Jain,student,B.Tech,1.0,CSE,Iot,10.0,234,Python Web Scraper,"Developed a Scrapy-based web scraper to collect and parse job listings from Naukri and LinkedIn, storing structured data to MongoDB.",Project,https://github.com/nehaj/job-scraper,22.0,Intermediate,,
8,2025CSE008,Neha Jain,student,B.Tech,1.0,CSE,Iot,10.0,235,HTML/CSS/JS Portfolio Site,"Designed and deployed a responsive personal portfolio website with CSS animations, dark mode toggle, and contact form integration.",Project,https://nehaj.vercel.app,14.0,Beginner,"HTML, CSS, JavaScript, Responsive Design, Vercel",
8,2025CSE008,Neha Jain,student,B.Tech,1.0,CSE,Iot,30.0,236,NPTEL Python Programming,"Completed NPTEL 12-week Python programming course with Elite certificate scoring 87% in final exams covering data structures, file I/O, and OOP.",Certification,nptel.ac.in/verify/nehaj-python,18.0,Beginner,"Python, Data Structures, OOP, Algorithms",
8,2025CSE008,Neha Jain,student,B.Tech,1.0,CSE,Iot,10.0,237,Figma UI Prototype,"Designed a mobile app UI prototype for a campus food delivery app in Figma with 30+ screens, user flows, and interactive prototype links.",Project,https://figma.com/nehaj/campus-food-app,16.0,Beginner,"Figma, UI/UX, Prototyping, Mobile Design",
9,2025ECE009,Vikram Patil,student,B.Tech,4.0,ECE,Communication Networks,45.0,11,Hackathon Runner-up,Secured 2nd place at state-level hackathon by creating a mental health chatbot.,Hackathon,hackathon_runnerup.pdf,28.0,Advanced,,
9,2025ECE009,Vikram Patil,student,B.Tech,4.0,ECE,Communication Networks,45.0,20,React Native App,Developed a fitness tracker mobile app using React Native.,Project,Not Provided,28.0,Advanced,,
9,2025ECE009,Vikram Patil,student,B.Tech,4.0,ECE,Communication Networks,45.0,29,AWS Internship,Interned at AWS partner company focusing on cloud migrations.,Internship,linkedin.com/in/student9,36.0,Advanced,,
9,2025ECE009,Vikram Patil,student,B.Tech,4.0,ECE,Communication Networks,45.0,238,Kubernetes + Istio Service Mesh,"Deployed a microservices application on Kubernetes with Istio service mesh for traffic management, mutual TLS, and distributed tracing with Jaeger.",Project,https://github.com/vikramp/k8s-istio-demo,42.0,Advanced,"Kubernetes, Istio, Docker, Service Mesh, mTLS, Distributed Systems",
9,2025ECE009,Vikram Patil,student,B.Tech,4.0,ECE,Unknown,45.0,239,Prometheus + Grafana Monitoring Stack,"Set up full observability stack with Prometheus for metrics collection, Alertmanager for alerting, and Grafana dashboards for a production Kubernetes cluster.",Project,Not Provided,35.0,Advanced,"Prometheus, Grafana, Kubernetes, Monitoring, DevOps, PromQL",
9,2025ECE009,Vikram Patil,student,B.Tech,4.0,ECE,Communication Networks,45.0,240,Go REST API with gRPC,"Built a high-performance backend in Go with both REST and gRPC interfaces, implementing protobuf schemas, interceptors, and streaming RPCs.",Project,https://github.com/vikramp/go-grpc-api,38.0,Advanced,"Go, gRPC, protobuf, REST API, Backend, Performance",
9,2025ECE009,Vikram Patil,student,B.Tech,4.0,ECE,Communication Networks,45.0,241,Network Packet Analyzer Tool,"Developed a custom packet analyzer in Python using Scapy to capture, decode, and visualize network traffic with protocol breakdown and anomaly alerts.",Project,https://github.com/vikramp/packet-analyzer,30.0,Advanced,"Python, Scapy, Networking, Security, Wireshark, Analysis",
9,2025ECE009,Vikram Patil,student,B.Tech,4.0,ECE,Communication Networks,45.0,242,CNCF Kubernetes Contributor,"Contributed documentation improvements and bug fixes to the official Kubernetes project, merged 3 PRs into the kubernetes/website repository.",Open Source,Not Provided,32.0,Advanced,"Kubernetes, Open Source, Documentation, Go, Cloud Native",
10,2025ME010,Pooja Nair,student,B.Tech,3.0,ME,Aerospace,20.0,12,Cybersecurity Workshop,Attended 3-day ethical hacking and cybersecurity awareness workshop.,Workshop,Not Provided,18.0,Advanced,,
10,2025ME010,Pooja Nair,student,B.Tech,3.0,ME,Aerospace,20.0,21,Cybersecurity Capture the Flag,Ranked in top 5 teams in a national-level CTF competition.,Competition,Not Provided,35.0,Advanced,,
10,2025ME010,Pooja Nair,student,B.Tech,3.0,ME,Aerospace,20.0,30,Robotics National Finalist,National finalist in robotics championship with autonomous navigation bot.,Competition,Not Provided,45.0,Advanced,,
10,2025ME010,Pooja Nair,student,B.Tech,3.0,ME,Aerospace,20.0,243,ANSYS Fluent CFD – Wing Analysis,"Performed CFD analysis of a NACA 4412 wing section at various angles of attack in ANSYS Fluent, generating lift/drag polars and pressure coefficient plots.",Project,pooja_ansys_wing.pdf,30.0,Advanced,"ANSYS, CFD, Aerospace, Simulation, FEA",
10,2025ME010,Pooja Nair,student,B.Tech,3.0,ME,Unknown,20.0,244,Python Flight Trajectory Simulator,"Built a 6-DOF flight trajectory simulator in Python using scipy ODE solver for a model rocket, including atmospheric drag and gravity turn.",Project,https://github.com/poojan/trajectory-sim,28.0,Advanced,"Python, scipy, Simulation, Aerospace, NumPy",
10,2025ME010,Pooja Nair,student,B.Tech,3.0,ME,Aerospace,20.0,245,ISRO Internship – Satellite Thermal,"Interned at ISRO URSC working on thermal analysis of satellite panels using Thermal Desktop, documented heat dissipation models for LEO orbit.",Internship,linkedin.com/in/poojanair-isro,40.0,Advanced,"Thermal Analysis, ISRO, Aerospace, Simulation, Documentation",
10,2025ME010,Pooja Nair,student,B.Tech,3.0,ME,Aerospace,30.0,246,GD&T and Engineering Drawing,"Completed Geometric Dimensioning and Tolerancing certification, creating manufacturing drawings for complex assemblies per ASME Y14.5 standard.",Certification,gdnt_certificate_poojan.pdf,20.0,Intermediate,"GD&T, SolidWorks, Manufacturing, Mechanical Design",
11,2025CSE011,Arjun Reddy,student,B.Tech,2.0,CSE,Aids,30.0,13,Python Automation Project,Developed a Python script to automate Excel reporting for college administration.,Project,https://github.com/student11/automation,22.0,Advanced,,
11,2025CSE011,Arjun Reddy,student,B.Tech,2.0,CSE,Aids,30.0,22,IoT Smart Home Project,Created IoT-based smart home automation project with Raspberry Pi and MQTT.,Project,Not Provided,34.0,Advanced,,
11,2025CSE011,Arjun Reddy,student,B.Tech,2.0,CSE,Aids,30.0,31,Portfolio Redesign,Redesigned personal portfolio website with TailwindCSS and animations.,Project,Not Provided,19.0,Advanced,,
11,2025CSE011,Arjun Reddy,student,B.Tech,2.0,CSE,Aids,30.0,247,Apache Kafka Event Streaming,"Built a real-time event streaming pipeline using Apache Kafka with Python producers/consumers, schema registry, and Kafka Connect for database sync.",Project,https://github.com/arjunr/kafka-streaming,35.0,Advanced,"Kafka, Python, Event Streaming, Microservices, Docker",
11,2025CSE011,Arjun Reddy,student,B.Tech,2.0,CSE,Aids,30.0,248,PostgreSQL Performance Tuning,"Optimized a slow Django application's queries using EXPLAIN ANALYZE, created composite indexes, materialized views, and connection pooling with PgBouncer.",Project,https://github.com/arjunr/postgres-tuning,28.0,Advanced,"PostgreSQL, Django, Python, Database, Query Optimization",
11,2025CSE011,Arjun Reddy,student,B.Tech,2.0,CSE,Aids,30.0,249,Grafana + Loki Log Aggregation,"Deployed Grafana Loki for centralized log aggregation from multiple microservices, created Grafana dashboards with log-to-metric derived panels.",Project,https://github.com/arjunr/loki-logging,24.0,Intermediate,,
11,2025CSE011,Arjun Reddy,student,B.Tech,2.0,CSE,Aids,30.0,250,Next.js Full Stack App,"Built a full-stack Next.js 14 application with App Router, server actions, Prisma ORM, NextAuth.js authentication, and Vercel deployment pipeline.",Project,Not Provided,32.0,Intermediate,"Next.js, React, TypeScript, Prisma, PostgreSQL, Auth",
11,2025CSE011,Arjun Reddy,student,B.Tech,2.0,CSE,Aids,30.0,251,Terraform + Ansible Infrastructure,,Project,https://github.com/arjunr/terraform-ansible,26.0,Intermediate,"Terraform, Ansible, AWS, IaC, DevOps, Linux",
12,,Sana Khan,student,B.Tech,1.0,ECE,Unknown,15.0,14,UI/UX Design Challenge Winner,Won first place in UI/UX designathon by creating a mobile app prototype for e-learning.,Competition,designathon_certificate.pdf,32.0,Advanced,,
12,2025ECE012,Sana Khan,student,B.Tech,1.0,ECE,Communication Networks,15.0,23,Hackathon Winner,Won 1st place in regional hackathon building an AI-powered resume parser.,Hackathon,hackathon_winner_resumeparser.pdf,38.0,Advanced,,
12,2025ECE012,Sana Khan,student,B.Tech,1.0,ECE,Communication Networks,15.0,32,Oracle Cloud Certification,Achieved Oracle Cloud Infrastructure Foundations certification.,Certification,Not Provided,24.0,Advanced,,
12,2025ECE012,Sana Khan,student,B.Tech,1.0,ECE,Communication Networks,15.0,252,Figma Mobile App Design,"Designed a mental health companion mobile app in Figma with 45+ screens, design system, component library, and accessibility guidelines.",Project,https://figma.com/sanak/mindful-app,20.0,Intermediate,"Figma, UI/UX, Mobile Design, Design System, Accessibility",
12,2025ECE012,Sana Khan,student,B.Tech,1.0,ECE,Communication Networks,15.0,253,HTML/CSS/JS Responsive Website,"Built a fully responsive NGO website with CSS Grid, Flexbox, dark mode, and optimized Web Vitals scores — deployed on GitHub Pages.",Project,https://github.com/sanak/ngo-website,16.0,Beginner,"HTML, CSS, JavaScript, Responsive Design, Web Performance",
12,2025ECE012,Sana Khan,student,B.Tech,1.0,ECE,Communication Networks,15.0,254,,Created interactive data visualizations using Plotly and Dash for analyzing Indian census data with choropleth maps and dynamic filters.,Project,https://github.com/sanak/census-viz,22.0,Advanced,,
12,2025ECE012,Sana Khan,student,B.Tech,1.0,ECE,Communication Networks,15.0,255,NPTEL Cloud Computing,"Completed NPTEL 8-week Cloud Computing course covering virtualization, AWS basics, Docker, and cloud security with 82% score.",Certification,nptel.ac.in/verify/sanak-cloud,18.0,Beginner,"Cloud Computing, AWS, Docker, Virtualization",
12,2025ECE012,Sana Khan,student,B.Tech,1.0,ECE,Communication Networks,15.0,256,Postman API Testing,"Learned REST API testing with Postman, wrote 200+ automated tests for a public API, integrated Newman CLI with GitHub Actions for CI.",Project,https://github.com/sanak/api-tests,16.0,Beginner,"Postman, API Testing, REST API, CI/CD, JavaScript",
13,2025ME013,Manish Sharma,student,B.Tech,3.0,ME,Aerospace,35.0,15,AI Research Internship,Interned at a research lab focusing on computer vision object detection models.,Internship,linkedin.com/in/student13,35.0,Advanced,,
13,2025ME013,Manish Sharma,student,B.Tech,3.0,ME,Aerospace,35.0,24,Deep Learning Course,Completed Deep Learning specialization from Coursera.,Course,coursera_dl_certificate.pdf,30.0,Advanced,,
13,2025ME013,Manish Sharma,student,B.Tech,3.0,ME,Aerospace,35.0,33,AI for Social Good Project,Built AI model to classify plastic waste images for recycling drive.,Project,https://github.com/student13/ai-social-good,37.0,Advanced,,
13,2025ME013,Manish Sharma,student,B.Tech,3.0,ME,Aerospace,35.0,257,MLOps Pipeline with DVC,"Built an end-to-end MLOps pipeline using DVC for data versioning, MLflow for experiment tracking, and FastAPI for model serving with Docker.",Project,https://github.com/manishs/mlops-pipeline,38.0,Advanced,,
13,2025ME013,Manish Sharma,student,B.Tech,3.0,ME,Aerospace,35.0,258,TensorFlow Object Detection,"Trained a custom object detection model using TensorFlow Object Detection API on a custom industrial defect dataset, deployed with TF Serving.",Project,https://github.com/manishs/object-detection,36.0,Advanced,"TensorFlow, Computer Vision, Object Detection, Python, Docker",
13,2025ME013,Manish Sharma,student,B.Tech,3.0,ME,Aerospace,35.0,259,AWS SageMaker Model Training,"Used AWS SageMaker to train, tune, and deploy an XGBoost model for predictive maintenance, with SageMaker Pipelines for CI/CD.",Project,https://github.com/manishs/sagemaker-demo,32.0,Advanced,"AWS, SageMaker, XGBoost, MLOps, Cloud",
13,2025ME013,Manish Sharma,student,B.Tech,3.0,ME,Aerospace,35.0,260,Streamlit ML App Deployment,Built and deployed an interactive ML application using Streamlit for visualizing model predictions and feature importance in real-time.,Project,https://github.com/manishs/streamlit-ml-app,24.0,Intermediate,"Streamlit, Python, Machine Learning, Data Visualization, Deployment",
13,,Manish Sharma,student,B.Tech,3.0,ME,Aerospace,35.0,261,Research: Attention Mechanisms Survey,"Wrote a comprehensive survey paper on attention mechanisms in deep learning, covering self-attention, multi-head attention, and cross-attention variants.",Research Paper,https://arxiv.org/abs/manishs-attention-survey,40.0,Advanced,"Deep Learning, Transformers, Research, NLP, Computer Vision",
14,2025CSE014,Divya Kapoor,student,B.Tech,4.0,CSE,Aids,50.0,16,Kaggle Competition Participant,Participated in Kaggle Titanic competition and achieved top 20% leaderboard rank.,Competition,https://kaggle.com/student14,27.0,Advanced,,
14,2025CSE014,Divya Kapoor,student,B.Tech,2.0,CSE,Aids,30.0,25,Tech Blogger,,Other,https://medium.com/@student14,20.0,Advanced,,
14,2025CSE014,Divya Kapoor,student,B.Tech,4.0,CSE,Aids,30.0,34,Startup Pitch Winner,Won college startup pitch competition presenting an EdTech idea.,Competition,Not Provided,29.0,Advanced,,
14,2025CSE014,Divya Kapoor,student,B.Tech,4.0,CSE,Aids,50.0,262,LLM Fine-tuning with LoRA,"Fine-tuned Llama 2 7B on a custom Q&A dataset using LoRA/PEFT with 4-bit quantization on a single GPU, achieving 89% accuracy on test set.",Project,https://github.com/divyak/llm-finetune-lora,44.0,Advanced,"LLM, LoRA, PEFT, Python, GenAI, Transformers, HuggingFace",
14,2025CSE014,Divya Kapoor,student,B.Tech,4.0,CSE,Aids,50.0,263,Vector Database with Pinecone,"Built a semantic search engine using Pinecone vector database, OpenAI embeddings, and FastAPI, enabling sub-100ms similarity search over 1M documents.",Project,https://github.com/divyak/semantic-search,38.0,Advanced,"Pinecone, Vector Database, Embeddings, FastAPI, Python, GenAI",
14,2025CSE014,Divya Kapoor,student,B.Tech,4.0,CSE,Aids,50.0,264,GraphQL API with Apollo,"Designed and implemented a GraphQL API using Apollo Server with DataLoader for N+1 prevention, subscriptions for real-time updates, and schema federation.",Project,https://github.com/divyak/graphql-api,32.0,Advanced,"GraphQL, Apollo, Node.js, TypeScript, Backend, API Design",
14,2025CSE014,Divya Kapoor,student,B.Tech,4.0,CSE,Aids,50.0,265,React Native Expo App,"Built a cross-platform fitness app using React Native with Expo, integrating device sensors, push notifications, and AsyncStorage.",Project,Not Provided,28.0,Advanced,"React Native, Expo, TypeScript, Mobile, Push Notifications",
14,2025CSE014,Divya Kapoor,student,B.Tech,4.0,CSE,Aids,50.0,266,Google Summer of Code 2025,"Selected for GSoC 2025 with the HuggingFace organization, contributed LLM evaluation benchmarks and improved documentation for the transformers library.",Project,Not Provided,48.0,Advanced,"Open Source, Python, LLM, HuggingFace, Transformers, GenAI",
15,2025ECE015,Rohit Verma,student,B.Tech,2.0,ECE,Communication Networks,25.0,17,Flutter Mobile App,Built a cross-platform mobile app for expense tracking using Flutter and Firebase.,Project,https://github.com/student15/flutter-expense-app,30.0,Advanced,,
15,2025ECE015,Rohit Verma,student,B.Tech,2.0,ECE,Communication Networks,25.0,26,Startup Internship,Worked as frontend intern at a fintech startup for 3 months.,Internship,linkedin.com/in/student15,32.0,Advanced,,
15,2025ECE015,Rohit Verma,student,B.Tech,2.0,ECE,Communication Networks,25.0,35,AI Course Mentor,Mentored juniors in completing Andrew Ng’s ML course.,Other,mentor_certificate.pdf,21.0,Advanced,,
15,2025ECE015,Rohit Verma,student,B.Tech,2.0,ECE,Communication Networks,25.0,267,Flutter + Firebase App,"Built a real-time collaborative notes app using Flutter with Firebase Firestore, Authentication, Cloud Functions, and FCM push notifications.",Project,https://github.com/rohitv/flutter-notes,30.0,Advanced,"Flutter, Firebase, Dart, Mobile, Cloud Functions",
15,2025ECE015,Rohit Verma,student,B.Tech,2.0,ECE,Communication Networks,25.0,268,Ansible Automation Playbooks,"Wrote Ansible playbooks to automate server provisioning, package installation, user management, and deployment across 20+ cloud VMs.",Project,Not Provided,26.0,Advanced,"Ansible, Linux, DevOps, Automation, Shell Scripting",
15,2025ECE015,Rohit Verma,student,B.Tech,2.0,ECE,Communication Networks,25.0,269,,"Migrated a legacy JavaScript Express API to TypeScript with strict mode, added Zod runtime validation, Jest test suite achieving 92% coverage.",Project,Not Provided,28.0,Intermediate,,
15,2025ECE015,Rohit Verma,student,B.Tech,2.0,ECE,Communication Networks,25.0,270,Supabase Backend Integration,"Integrated Supabase as backend-as-a-service for a SaaS project: row-level security policies, realtime subscriptions, and edge functions.",Project,https://github.com/rohitv/supabase-saas,24.0,Advanced,"Supabase, PostgreSQL, JavaScript, Backend, Auth, Realtime",
15,2025ECE015,Rohit Verma,student,B.Tech,2.0,ECE,Communication Networks,25.0,271,LeetCode 300+ Problems,,Competition,https://leetcode.com/rohitv,22.0,Intermediate,"Algorithms, Data Structures, Dynamic Programming, Graphs, Python",
16,2025ME016,Meera Joshi,student,B.Tech,1.0,ME,Aerospace,10.0,36,CAD Design Sprint,Designed a lightweight drone chassis in SolidWorks and validated basic stress conditions for a first-year aerospace design sprint.,Project,cad_design_sprint.pdf,28.0,Advanced,,
16,2025ME016,Meera Joshi,student,B.Tech,1.0,ME,Aerospace,10.0,272,MATLAB Aerospace Toolbox Basics,"Completed hands-on exercises with MATLAB Aerospace Toolbox covering coordinate transformations, atmosphere models, and trajectory calculations.",Course,meera_matlab_aero.pdf,16.0,Beginner,,
16,2025ME016,Meera Joshi,student,B.Tech,1.0,ME,Aerospace,10.0,273,3D Printing FDM Parts,"Designed and 3D printed custom mechanical parts in PLA using FDM printer, iterated on designs based on stress analysis feedback.",Project,meera_3dprint_parts.jpg,14.0,Beginner,"3D Printing, CAD, SolidWorks, Mechanical Design",
16,2025ME016,Meera Joshi,student,B.Tech,1.0,ME,Aerospace,10.0,274,Python Basics for Engineers,"Completed Python programming course tailored for engineering students, covering numerical methods, plotting with Matplotlib, and file I/O.",Course,https://coursera.org/verify/meera-pyeng,14.0,Beginner,"Python, NumPy, Matplotlib, Mathematics",
17,2025CSE017,Aakash Bansal,student,B.Tech,3.0,CSE,Aids,40.0,37,Clinical Notes Classifier,"Built a multi-label NLP pipeline using Python, scikit-learn, and FastAPI to classify anonymized clinical notes for a healthcare analytics mini project.",Project,https://github.com/student17/clinical-notes-classifier,34.0,Advanced,"Python, NLP, scikit-learn, FastAPI, Machine Learning",
17,2025CSE017,Aakash Bansal,student,B.Tech,3.0,CSE,Unknown,40.0,275,Hugging Face Transformers NLP,"Fine-tuned BERT for a multi-class medical text classification task using HuggingFace Transformers and Trainer API, achieving F1 of 0.91 on test set.",Project,https://github.com/aakashb/bert-medical-nlp,28.0,Advanced,"NLP, BERT, HuggingFace, Python, Fine-tuning, Transformers",
17,2025CSE017,Aakash Bansal,student,B.Tech,3.0,CSE,Aids,40.0,276,Apache Airflow Data Pipeline,"Built automated ETL pipelines using Apache Airflow with custom operators for data ingestion from REST APIs, transformation, and loading to BigQuery.",Project,https://github.com/aakashb/airflow-etl,34.0,Advanced,,
17,2025CSE017,Aakash Bansal,student,B.Tech,3.0,CSE,Aids,40.0,277,Spark Structured Streaming,"Processed real-time clickstream data using Apache Spark Structured Streaming with Kafka source, windowed aggregations, and Delta Lake sink.",Project,https://github.com/aakashb/spark-streaming,38.0,Advanced,"Apache Spark, Kafka, Python, Data Engineering, Delta Lake",
17,2025CSE017,Aakash Bansal,student,B.Tech,3.0,CSE,Aids,40.0,278,dbt Data Transformation,"Used dbt (data build tool) to transform raw data in Snowflake with modular SQL models, tests, documentation, and CI/CD integration.",Project,https://github.com/aakashb/dbt-snowflake,28.0,Advanced,"dbt, Snowflake, SQL, Data Engineering, Analytics Engineering",
17,2025CSE017,Aakash Bansal,student,B.Tech,3.0,CSE,Aids,40.0,279,,"Earned Google Cloud Professional Data Engineer certification covering BigQuery, Dataflow, Pub/Sub, Cloud Composer, and ML APIs.",Certification,Not Provided,28.0,Advanced,"Google Cloud, BigQuery, Dataflow, Data Engineering, GCP",
18,2025ECE018,Isha Malhotra,student,B.Tech,4.0,ECE,Communication Networks,45.0,38,5G Link Budget Study,"Completed a capstone analysis on 5G small-cell coverage planning with MATLAB simulations, RF link budgets, and optimization of signal quality.",Research,Not Provided,31.0,Advanced,"MATLAB, 5G, RF, Signal Processing, Telecom",2026-03-16T00:00:00.000Z
18,2025ECE018,Isha Malhotra,student,B.Tech,4.0,ECE,Communication Networks,45.0,280,OpenRAN vRAN Implementation,"Implemented a virtual Radio Access Network using OpenRAN architecture on COTS hardware with O-DU and O-CU functional split, tested with UE emulators.",Project,isha_openran_impl.pdf,42.0,Advanced,"5G, OpenRAN, Networking, Telecom, Linux, Virtualization",
18,2025ECE018,Isha Malhotra,student,B.Tech,4.0,ECE,Communication Networks,45.0,281,Python Network Automation,"Automated network device configuration using Netmiko and NAPALM for multi-vendor routers, reducing provisioning time by 80%.",Project,https://github.com/isham/network-automation,30.0,Advanced,"Python, Netmiko, NAPALM, Networking, Automation, DevOps",
18,2025ECE018,Isha Malhotra,student,B.Tech,4.0,ECE,Communication Networks,45.0,282,Satellite Communication Internship,Interned at Hughes Network Systems working on DVB-S2X modulation schemes and link budget calculations for broadband satellite services.,Internship,linkedin.com/in/ishamalhotra-hughes,38.0,Advanced,"Satellite Communication, DVB-S2X, Telecom, Signal Processing, MATLAB",
18,2025ECE018,Isha Malhotra,student,B.Tech,4.0,ECE,Communication Networks,45.0,283,AWS Advanced Networking Specialty,"Earned AWS Advanced Networking Specialty certification covering VPC design, Transit Gateway, Direct Connect, CloudFront, and Route53 advanced routing.",Certification,aws.amazon.com/verify/isham-ans,40.0,Advanced,,2026-03-16T00:00:00.000Z
19,2025ME019,Aditya Rao,student,B.Tech,2.0,ME,Aerospace,0.0,39,Mini Formula SAE Suspension Model,Modeled a double-wishbone suspension setup and documented trade-offs in ride comfort and stability for a student motorsport challenge.,Competition,Not Provided,20.0,Intermediate,,
19,2025ME019,Aditya Rao,student,B.Tech,2.0,ME,Aerospace,20.0,284,Electric Vehicle Powertrain Simulation,"Simulated an EV powertrain in MATLAB/Simulink including PMSM motor model, battery SOC estimation, and regenerative braking control.",Project,https://github.com/adityar/ev-powertrain-sim,28.0,Advanced,,
19,2025ME019,Aditya Rao,student,B.Tech,2.0,ME,Aerospace,20.0,285,CAD Assembly – Quadcopter Frame,Designed a complete quadcopter airframe assembly in CATIA V5 with tolerance stack-up analysis and Bill of Materials.,Project,adityar_quadcopter_cad.stp,22.0,Intermediate,"CATIA, CAD, Aerospace, Mechanical Design, Assembly",
19,2025ME019,Aditya Rao,student,B.Tech,2.0,ME,Aerospace,20.0,286,Python Controls Library,Contributed to the python-control library on GitHub by fixing bugs in Bode plot generation and adding Nichols chart functionality.,Open Source,https://github.com/python-control/python-control/pulls?q=adityar,24.0,Intermediate,"Python, Control Systems, Open Source, Mathematics, MATLAB",
20,2025CSE020,Simran Kaur,student,B.Tech,1.0,CSE,Aids,15.0,40,Campus Helpdesk Bot,"Created a beginner-friendly chatbot using Python, Flask, and intent matching to answer common campus queries with a simple admin dashboard.",Project,https://github.com/student20/campus-helpdesk-bot,19.0,Intermediate,"Python, Flask, Chatbot, HTML, JavaScript",
20,2025CSE020,Simran Kaur,student,B.Tech,1.0,CSE,Aids,15.0,287,Machine Learning Foundations Course,"Completed Andrew Ng's Machine Learning Specialization on Coursera covering supervised learning, unsupervised learning, and recommender systems.",Course,https://coursera.org/verify/simrank-ml,22.0,Beginner,"Machine Learning, Python, scikit-learn, Neural Networks, Mathematics",
20,2025CSE020,Simran Kaur,student,B.Tech,1.0,CSE,Aids,15.0,288,React Todo App with TypeScript,"Built a feature-complete Todo application in React with TypeScript, Context API for state management, and localStorage persistence.",Project,https://github.com/simrank/react-todo-ts,16.0,Beginner,,
20,2025CSE020,Simran Kaur,student,B.Tech,1.0,CSE,Aids,15.0,289,SQL Database Design,"Designed and normalized a hospital management database schema in PostgreSQL with complex queries, stored procedures, and indexing strategies.",Project,https://github.com/simrank/hospital-db,18.0,Advanced,"SQL, PostgreSQL, Database Design, Normalization",
20,2025CSE020,Simran Kaur,student,B.Tech,1.0,CSE,Aids,15.0,290,Google Data Analytics Certificate,"Completed the Google Data Analytics Professional Certificate on Coursera covering data cleaning, SQL, Tableau, and R programming.",Certification,https://coursera.org/verify/simrank-gda,20.0,Beginner,"SQL, Tableau, R, Data Analysis, Google Sheets",2026-03-16T00:00:00.000Z
21,2025ECE021,Kabir Singh,student,B.Tech,3.0,ECE,Vlsi Designing,30.0,41,ASIC Verification Internship,Worked on UVM-based verification flows for low-power digital IP blocks and created coverage reports for regression test cases.,Internship,asic_verification_internship.pdf,30.0,Advanced,"Verilog, SystemVerilog, UVM, ASIC, Verification",
21,2025ECE021,Kabir Singh,student,B.Tech,3.0,ECE,Unknown,30.0,291,SystemVerilog UVM Testbench,"Developed a complete UVM testbench for a custom AXI4-Lite slave IP, including sequences, agents, scoreboards, and functional coverage groups.",Project,https://github.com/kabirs/uvm-axi4-tb,40.0,Advanced,"SystemVerilog, UVM, ASIC, Verification, AXI, Functional Coverage",
21,2025ECE021,Kabir Singh,student,B.Tech,3.0,ECE,Vlsi Designing,30.0,292,RISC-V Processor Design,"Implemented a 5-stage pipelined RISC-V RV32I processor in SystemVerilog with hazard detection, forwarding logic, and verified on FPGA.",Project,https://github.com/kabirs/riscv-core,44.0,Advanced,"RISC-V, SystemVerilog, FPGA, Digital Design, Computer Architecture",
21,2025ECE021,Kabir Singh,student,B.Tech,3.0,ECE,Unknown,30.0,293,Cadence Virtuoso Layout,Completed CMOS VLSI layout using Cadence Virtuoso for a 4-bit ripple carry adder in 180nm technology with DRC/LVS clean.,Project,Not Provided,30.0,Advanced,"Cadence Virtuoso, CMOS, VLSI, Layout, DRC/LVS, 180nm",
21,2025ECE021,Kabir Singh,student,B.Tech,3.0,ECE,Vlsi Designing,30.0,294,Python Chip Verification Automation,"Wrote Python scripts using PyUVM to automate regression runs, parse coverage reports, and generate HTML dashboards for ASIC verification.",Project,https://github.com/kabirs/chip-verification-automation,26.0,Advanced,"Python, PyUVM, Automation, ASIC, Verification, Scripting",
22,2025ME022,Anjali Mishra,student,B.Tech,2.0,ME,Mechatronics,25.0,42,Autonomous Sorting Arm Prototype,"Built a color-sorting robotic arm using Arduino, servo control, and sensor feedback for a mechatronics lab demonstration.",Project,https://github.com/student22/sorting-arm,24.0,Intermediate,"Arduino, Sensors, Embedded Systems, Robotics, Mechatronics",
22,2025ME022,Anjali Mishra,student,B.Tech,2.0,ME,Mechatronics,25.0,295,ROS Manipulation with MoveIt,Programmed a 6-DOF robotic arm for pick-and-place using ROS MoveIt motion planning framework with collision avoidance.,Project,https://github.com/anjalim/moveit-arm,28.0,Advanced,,
22,2025ME022,Anjali Mishra,student,B.Tech,2.0,ME,Mechatronics,25.0,296,PLC Ladder Logic Programming,"Programmed a Siemens S7-1200 PLC in ladder logic for a conveyor belt sorting system, tested on physical hardware in lab.",Project,anjalim_plc_ladder.pdf,26.0,Intermediate,"PLC, Siemens, Automation, Ladder Logic, Mechatronics",
22,2025ME022,Anjali Mishra,student,B.Tech,2.0,ME,Mechatronics,25.0,297,Solidworks FEA – Robotic Gripper,Designed a pneumatic robotic gripper in SolidWorks and ran FEA to validate structural integrity under 50N gripping force.,Project,anjalim_gripper_fea.pdf,22.0,Intermediate,,
22,2025ME022,Anjali Mishra,student,B.Tech,2.0,ME,Mechatronics,25.0,298,OpenCV Computer Vision Pipeline,Built a real-time computer vision pipeline using OpenCV and Python to detect colored objects on a conveyor belt and trigger sorting actuators.,Project,https://github.com/anjalim/cv-conveyor-sorting,28.0,Intermediate,"Python, OpenCV, Computer Vision, Robotics, Mechatronics",
23,2025CSE023,Raghav Choudhary,student,B.Tech,4.0,CSE,Unknown,50.0,43,Distributed Placement Portal,,Project,https://github.com/student23/placement-portal,38.0,Advanced,"React, Node.js, PostgreSQL, Redis, REST API, Authentication",
23,2025CSE023,Raghav Choudhary,student,B.Tech,4.0,CSE,Cse,50.0,299,Distributed Cache System,"Built a distributed in-memory cache in Go with consistent hashing, LRU eviction, replication factor 3, and a simple Raft-inspired consensus for leader election.",Project,https://github.com/raghavc/distributed-cache,46.0,Advanced,"Go, Distributed Systems, Consistent Hashing, Raft, Backend, System Design",
23,2025CSE023,Raghav Choudhary,student,B.Tech,4.0,CSE,Cse,50.0,300,Kafka + Spark Streaming Analytics,"Built a real-time user analytics pipeline: Kafka for event ingestion, Spark Structured Streaming for processing, Delta Lake for storage, Superset for dashboards.",Project,https://github.com/raghavc/realtime-analytics,42.0,Advanced,"Kafka, Apache Spark, Delta Lake, Data Engineering, Python, Docker",
23,2025CSE023,Raghav Choudhary,student,B.Tech,4.0,CSE,Cse,50.0,301,OpenAI Assistants API Integration,"Built a multi-tenant AI assistant platform using OpenAI Assistants API with thread management, file uploads, function calling, and streaming responses.",Project,https://github.com/raghavc/ai-assistant-platform,38.0,Advanced,"GenAI, OpenAI, Python, FastAPI, TypeScript, React",
23,2025CSE023,Raghav Choudhary,student,B.Tech,4.0,CSE,Cse,50.0,302,Competitive Programming – Codeforces,"Achieved Codeforces rating of 1850 (Expert level) by solving 400+ problems in contest, specializing in graph algorithms and segment trees.",Competition,https://codeforces.com/raghavc,35.0,Advanced,"Algorithms, Data Structures, Competitive Programming, C++, Graphs, Mathematics",
23,2025CSE023,Raghav Choudhary,student,B.Tech,4.0,CSE,Cse,50.0,303,SDE Internship – Google,,Internship,Not Provided,50.0,Advanced,"Algorithms, C++, Distributed Systems, Google, Backend, Performance",
24,2025ECE024,Nikita Sharma,student,B.Tech,1.0,ECE,Vlsi Designing,10.0,44,VLSI Basics Certification,"Completed an NPTEL certification covering CMOS basics, logic design, timing concepts, and introductory chip layout workflows.",Certification,nptel_vlsi_basics_certificate.pdf,17.0,Beginner,"VLSI, CMOS, Digital Design, Semiconductors",
24,2025ECE024,Nikita Sharma,student,B.Tech,1.0,ECE,Vlsi Designing,10.0,304,Digital Logic Design with Vivado,"Implemented combinational and sequential circuits in Verilog using Xilinx Vivado, verified on Nexys A7 FPGA development board.",Project,https://github.com/nikitas/vivado-labs,18.0,Beginner,"Verilog, FPGA, Xilinx, Digital Design, Embedded Systems",
24,2025ECE024,Nikita Sharma,student,B.Tech,1.0,ECE,Vlsi Designing,10.0,305,C Programming – Embedded Systems,"Completed an embedded C programming course with hands-on STM32 microcontroller projects including GPIO, UART, I2C, and SPI peripherals.",Project,nikitas_embedded_c.pdf,16.0,Beginner,"C, Embedded Systems, STM32, Microcontroller, UART, I2C",
24,2025ECE024,Nikita Sharma,student,B.Tech,1.0,ECE,Unknown,10.0,306,KiCad PCB Design Basics,"Designed a simple Arduino shield PCB in KiCad with schematic capture, layout, DRC verification, and ordered from JLCPCB.",Project,https://github.com/nikitas/arduino-shield-pcb,16.0,Beginner,"KiCad, PCB Design, Electronics, Hardware Design",
25,2025ME025,Vivek Joshi,student,B.Tech,3.0,ME,Mechatronics,35.0,45,Predictive Maintenance Dashboard,"Developed a dashboard for machine health monitoring using Python, Streamlit, and anomaly detection on sensor vibration data.",Project,https://github.com/student25/predictive-maintenance-dashboard,29.0,Advanced,"Python, Streamlit, Data Analysis, Anomaly Detection, IoT",
25,2025ME025,Vivek Joshi,student,B.Tech,3.0,ME,Mechatronics,35.0,307,SCADA System Development,Developed a SCADA system using Python and MQTT to monitor and control industrial sensors with a web-based dashboard built in Node-RED.,Project,https://github.com/vivekj/scada-system,34.0,Advanced,,
25,2025ME025,Vivek Joshi,student,B.Tech,3.0,ME,Mechatronics,35.0,308,Machine Vision Defect Detection,"Built a machine vision system using YOLO v8 to detect surface defects on manufactured parts, achieving 96% precision on test dataset.",Project,https://github.com/vivekj/defect-detection,36.0,Advanced,"Python, YOLO, Computer Vision, OpenCV, Machine Learning, Quality Control",
25,2025ME025,Vivek Joshi,student,B.Tech,3.0,ME,Mechatronics,35.0,309,Digital Twin with Unity,Created a digital twin of a conveyor system in Unity3D synchronized with real PLC sensor data via OPC-UA protocol.,Project,Not Provided,30.0,Advanced,"Unity3D, OPC-UA, Digital Twin, PLC, Mechatronics, C#",
25,2025ME025,Vivek Joshi,student,B.Tech,3.0,ME,Mechatronics,35.0,310,AWS IoT Core Integration,"Connected industrial IoT devices to AWS IoT Core using MQTT, implemented device shadows, rules engine, and time-series storage in Timestream.",Project,https://github.com/vivekj/aws-iot-industrial,28.0,Intermediate,,
26,2025CSE026,Aarav Singh,student,B.Tech,2.0,CSE,Cse,25.0,46,Open Source Issue Triage,"Contributed test fixes, bug reports, and documentation improvements to a TypeScript-based developer tools repository.",Open Source,Not Provided,22.0,Intermediate,"TypeScript, Git, Testing, Documentation",
26,2025CSE026,Aarav Singh,student,B.Tech,2.0,CSE,Cse,25.0,311,Vue.js + Pinia SPA,"Built a single-page application for project management using Vue 3 with Composition API, Pinia state management, and Vue Router.",Project,Not Provided,24.0,Intermediate,"Vue.js, JavaScript, Pinia, TypeScript, Frontend",
26,2025CSE026,Aarav Singh,student,B.Tech,2.0,CSE,Cse,25.0,312,Docker Multi-Stage Builds,"Optimized Docker images for production using multi-stage builds, reducing final image sizes by 70% across 4 different application types.",Project,https://github.com/aaravs/docker-optimized,22.0,Advanced,,
26,2025CSE026,Aarav Singh,student,B.Tech,2.0,CSE,Cse,25.0,313,Redis Pub/Sub Notification System,Implemented real-time push notifications using Redis Pub/Sub in a Node.js backend with Socket.IO forwarding to React frontend.,Project,https://github.com/aaravs/redis-pubsub-notifications,26.0,Intermediate,,
26,2025CSE026,Aarav Singh,student,B.Tech,2.0,CSE,Cse,25.0,314,Jest + Supertest API Testing,"Wrote comprehensive integration tests for a REST API using Jest and Supertest with database seeding, mocking, and 95% coverage.",Project,https://github.com/aaravs/api-integration-tests,20.0,Intermediate,"Jest, Node.js, Testing, REST API, TypeScript, CI/CD",
26,2025CSE026,Aarav Singh,student,B.Tech,2.0,CSE,Cse,25.0,315,MongoDB Atlas + Mongoose,"Built a blog platform backend with MongoDB Atlas, Mongoose ODM, aggregation pipelines for analytics, and text search functionality.",Project,Not Provided,22.0,Intermediate,"MongoDB, Mongoose, Node.js, Express, REST API, Atlas",
27,2025ECE027,Megha Reddy,student,B.Tech,3.0,ECE,Vlsi Designing,40.0,47,FPGA Signal Processing Lab,Implemented FIR filter logic on FPGA using Verilog and verified performance against MATLAB reference outputs.,Lab Project,fpga_signal_processing_lab.pdf,28.0,Advanced,"FPGA, Verilog, MATLAB, Digital Signal Processing",
27,2025ECE027,Megha Reddy,student,B.Tech,3.0,ECE,Vlsi Designing,40.0,316,ARM Cortex-M4 Bare Metal Driver,"Wrote bare-metal drivers in C for ARM Cortex-M4 (STM32F4) covering DMA, TIM, EXTI, and USART peripherals without HAL library.",Project,https://github.com/meghar/stm32-bare-metal,34.0,Advanced,"C, ARM, STM32, Embedded Systems, DMA, UART, Bare Metal",
27,2025ECE027,Megha Reddy,student,B.Tech,3.0,ECE,Vlsi Designing,40.0,317,Memory Compiler Design,Studied and implemented a simplified SRAM memory compiler generating layouts for different array sizes using Python scripting with Magic VLSI.,Project,https://github.com/meghar/memory-compiler,28.0,Advanced,"VLSI, Python, SRAM, Memory Design, Magic, Scripting",
27,2025ECE027,Megha Reddy,student,B.Tech,3.0,ECE,Vlsi Designing,40.0,318,Synopsys Design Compiler,"Used Synopsys Design Compiler to synthesize an RTL design targeting a 45nm standard cell library, analyzed timing and area reports.",Project,meghar_synopsys_synthesis.pdf,28.0,Advanced,,
27,2025ECE027,Megha Reddy,student,B.Tech,3.0,ECE,Vlsi Designing,40.0,319,Signal Integrity Analysis,"Performed signal integrity analysis on a high-speed DDR4 PCB design using Cadence Sigrity, identifying and fixing crosstalk and impedance mismatch issues.",Project,meghar_si_analysis.pdf,26.0,Advanced,"Signal Integrity, PCB Design, Cadence, DDR4, Hardware Design",
28,2025ME028,Siddharth Kumar,student,B.Tech,1.0,ME,Mechatronics,15.0,48,Warehouse AGV Simulation,Simulated an automated guided vehicle workflow for warehouse logistics using ROS basics and path planning in a college robotics event.,Workshop,warehouse_agv_simulation.mp4,18.0,Advanced,,
28,2025ME028,Siddharth Kumar,student,B.Tech,1.0,ME,Unknown,30.0,320,Arduino Servo Motor Control,"Programmed servo motor control with Arduino for a robotic arm prototype, implementing position control via potentiometer and serial commands.",Project,https://github.com/siddharthk/servo-arm,14.0,Advanced,"Arduino, C++, Robotics, Servo, Embedded Systems",
28,2025ME028,Siddharth Kumar,student,B.Tech,1.0,ME,Mechatronics,15.0,321,Python Automation Script,"Wrote Python scripts to automate repetitive data entry tasks using Selenium WebDriver, saving 3 hours of manual work per week.",Project,https://github.com/siddharthk/automation-scripts,16.0,Beginner,"Python, Selenium, Automation, Web Scraping",
28,2025ME028,Siddharth Kumar,student,B.Tech,1.0,ME,Mechatronics,15.0,322,SolidWorks Certified Associate,"Earned SOLIDWORKS Certified Associate (CSWA) certification demonstrating competency in 3D modeling, assemblies, and drawings.",Project,solidworks.com/verify/siddharthk,18.0,Advanced,"SolidWorks, CAD, Mechanical Design, 3D Modeling",
29,2025CSE029,Tanya Kapoor,student,B.Tech,4.0,CSE,Cse,50.0,49,MERN Alumni Network,"Built and deployed an alumni networking platform with React, Express, MongoDB, JWT auth, and responsive dashboards.",Project,https://github.com/student29/alumni-network,36.0,Advanced,"React, Express, MongoDB, JWT, JavaScript, REST API",
29,2025CSE029,Tanya Kapoor,student,B.Tech,4.0,CSE,Cse,50.0,323,Microservices with gRPC,"Architected a microservices system with 6 services communicating via gRPC, using protobuf for schema definitions and envoy as API gateway.",Project,https://github.com/tanyak/grpc-microservices,42.0,Advanced,"gRPC, protobuf, Microservices, Docker, Kubernetes, Go",
29,2025CSE029,Tanya Kapoor,student,B.Tech,4.0,CSE,Unknown,50.0,324,Elasticsearch Full-Text Search,"Integrated Elasticsearch into a product catalog service with custom analyzers, relevance tuning, faceted search, and autocomplete.",Project,https://github.com/tanyak/elastic-product-search,34.0,Advanced,"Elasticsearch, Node.js, Search, Backend, DevOps",
29,2025CSE029,Tanya Kapoor,student,B.Tech,4.0,CSE,Cse,50.0,325,React + Redux Toolkit,"Migrated a large React application from legacy Redux to Redux Toolkit with RTK Query for API caching, reducing boilerplate by 60%.",Project,https://github.com/tanyak/redux-toolkit-migration,28.0,Advanced,"React, Redux Toolkit, TypeScript, Frontend, RTK Query",
29,2025CSE029,Tanya Kapoor,student,B.Tech,4.0,CSE,Cse,50.0,326,Open Source: Prisma Contributions,Contributed 5 PRs to the Prisma ORM project fixing bugs in the query engine and improving TypeScript type generation for complex schemas.,Open Source,https://github.com/prisma/prisma/pulls?q=tanyak,36.0,Advanced,"Open Source, TypeScript, Prisma, PostgreSQL, Node.js",
29,2025CSE029,Tanya Kapoor,student,B.Tech,2.0,CSE,Cse,50.0,327,Microsoft SDE Internship,"Completed 10-week internship at Microsoft IDC Hyderabad working on Azure DevOps pipelines feature, shipped feature to production.",Internship,linkedin.com/in/tanyak-microsoft,48.0,Advanced,"Azure, DevOps, TypeScript, C#, Distributed Systems, Microservices",
30,2025ECE030,Rajat Mehra,student,B.Tech,2.0,ECE,Vlsi Designing,30.0,50,PCB Design Mini Project,Designed and fabricated a two-layer PCB for a sensor acquisition module using KiCad and validated continuity and power regulation.,Project,pcb_design_mini_project.pdf,23.0,Intermediate,,
30,2025ECE030,Rajat Mehra,student,B.Tech,2.0,ECE,Vlsi Designing,30.0,328,Embedded Linux on Raspberry Pi,"Set up custom embedded Linux (Buildroot) on Raspberry Pi 4, built kernel from source, added custom device drivers for I2C sensors.",Project,https://github.com/rajatm/embedded-linux-rpi,30.0,Advanced,,
30,2025ECE030,Rajat Mehra,student,B.Tech,2.0,ECE,Unknown,30.0,329,UART/SPI/I2C Protocol Implementation,"Implemented UART, SPI, and I2C communication protocols from scratch on STM32 in bare-metal C, verified with logic analyzer.",Project,https://github.com/rajatm/protocol-implementations,26.0,Advanced,"C, STM32, UART, SPI, I2C, Embedded Systems, Protocols",
30,2025ECE030,Rajat Mehra,student,B.Tech,2.0,ECE,Vlsi Designing,30.0,330,Verilog ALU Design and Verification,"Designed a 32-bit ALU in Verilog with full operator support, wrote self-checking testbench with 100% statement coverage.",Project,https://github.com/rajatm/verilog-alu,24.0,Advanced,"Verilog, VLSI, ALU, Digital Design, Verification, Testbench",
30,2025ECE030,Rajat Mehra,student,B.Tech,2.0,ECE,Vlsi Designing,30.0,331,FPGA Image Processing,"Implemented real-time edge detection on FPGA using Sobel filter in VHDL, processing 720p video at 60fps from camera input.",Project,https://github.com/rajatm/fpga-edge-detection,32.0,Advanced,"FPGA, VHDL, Image Processing, Digital Design, Xilinx",
31,2025ME031,Ananya Sharma,student,B.Tech,3.0,ME,Mechatronics,35.0,51,Factory Line Digital Twin,"Created a mechatronics-focused digital twin prototype for a bottling line using PLC simulation, sensor states, and performance logging.",Project,factory_line_digital_twin.pdf,27.0,Advanced,,
31,2025ME031,Ananya Sharma,student,B.Tech,3.0,ME,Mechatronics,35.0,332,MATLAB Simulink Control Design,"Designed PID, LQR, and MPC controllers in MATLAB Simulink for a cart-pendulum system, compared stability margins and transient response.",Project,https://github.com/ananyash/matlab-control-design,30.0,Advanced,,
31,2025ME031,Ananya Sharma,student,B.Tech,3.0,ME,Mechatronics,35.0,333,ROS Industrial Package,"Contributed to ros-industrial package by adding support for a new robot arm model, including URDF, MoveIt config, and driver integration.",Open Source,https://github.com/ros-industrial/ros_industrial/pulls?q=ananyash,28.0,Advanced,"ROS, Python, Robotics, Open Source, MoveIt, URDF",
31,2025ME031,Ananya Sharma,student,B.Tech,3.0,ME,Mechatronics,35.0,334,Hydraulic System Simulation,"Simulated a hydraulic press system in MATLAB SimHydraulics, designed pressure relief valve, and analyzed dynamic response.",Project,ananyash_hydraulic_sim.pdf,24.0,Intermediate,"MATLAB, Hydraulics, Simulation, Mechatronics, Control Systems",
31,2025ME031,Ananya Sharma,student,B.Tech,3.0,ME,Mechatronics,35.0,335,Industry 4.0 Workshop Speaker,Delivered a technical talk at BITS Pilani Industry 4.0 symposium on digital twin applications in smart manufacturing.,Extra-Curricular,ananyash_bits_talk.pdf,26.0,Advanced,"Digital Twin, Industry 4.0, Public Speaking, Smart Manufacturing, Mechatronics",
32,2025CSE032,Rohan Gupta,student,B.Tech,1.0,CSE,Cse,10.0,52,Responsive Event Website,"Built a responsive event registration website with HTML, CSS, JavaScript, and form validation for a college cultural fest.",Project,https://github.com/student32/event-website,15.0,Advanced,,
32,2025CSE032,Rohan Gupta,student,B.Tech,1.0,CSE,Cse,10.0,336,Python Flask REST API,"Built a CRUD REST API using Flask with SQLAlchemy ORM, JWT authentication, and unit tests, deployed on Heroku.",Project,https://github.com/rohang/flask-crud-api,16.0,Advanced,"Python, Flask, SQLAlchemy, REST API, JWT, Testing",
32,2025CSE032,Rohan Gupta,student,B.Tech,1.0,CSE,Cse,10.0,337,CSS Grid Layout Mastery,"Created 10 different complex layouts using CSS Grid and Flexbox, including a magazine layout, dashboard, and card grids.",Project,https://github.com/rohang/css-layouts,12.0,Advanced,"HTML, CSS, Responsive Design, Frontend",
32,2025CSE032,Rohan Gupta,student,B.Tech,1.0,CSE,Cse,10.0,338,Git & GitHub Fundamentals,"Completed a comprehensive Git course covering branching strategies, rebasing, cherry-pick, GitHub Actions basics, and open source contribution workflow.",Course,https://github.com/rohang/git-practice,12.0,Beginner,"Git, GitHub, Version Control, CI/CD",
32,2025CSE032,Rohan Gupta,student,B.Tech,1.0,CSE,Cse,10.0,339,DSA Foundations Course,"Completed 100+ problems on Arrays, Strings, Linked Lists, Stacks, and Queues on LeetCode with detailed solution notes in Python.",Course,Not Provided,16.0,Beginner,"Python, Data Structures, Algorithms, Problem Solving",
33,2025ECE033,Sakshi Jain,student,B.Tech,4.0,ECE,Vlsi Designing,45.0,53,Low-Power VLSI Research Poster,"Presented a poster on low-power adder architectures comparing area, delay, and power trade-offs across simulation runs.",Research,low_power_vlsi_poster.pdf,30.0,Advanced,,
33,2025ECE033,Sakshi Jain,student,B.Tech,4.0,ECE,Vlsi Designing,45.0,340,Formal Verification with JasperGold,"Used Cadence JasperGold for formal property verification of a USB 3.0 controller, proving 15 critical safety properties.",Project,Not Provided,38.0,Advanced,"Formal Verification, JasperGold, SystemVerilog, VLSI, Assertions, SVA",
33,2025ECE033,Sakshi Jain,student,B.Tech,4.0,ECE,Vlsi Designing,45.0,341,Physical Design – Cadence Innovus,"Completed full physical design flow in Cadence Innovus for a RISC-V core: floorplan, placement, CTS, routing, and timing signoff.",Project,sakshij_innovus_pd.pdf,42.0,Advanced,"Cadence Innovus, Physical Design, VLSI, CTS, Timing Signoff, Floorplanning",
33,2025ECE033,Sakshi Jain,student,B.Tech,4.0,ECE,Vlsi Designing,45.0,342,Semiconductor Internship – Texas Instruments,"Interned at Texas Instruments Bangalore in the analog design team, working on bandgap reference circuit design in 65nm CMOS.",Internship,linkedin.com/in/sakshij-ti,44.0,Advanced,"Analog Design, CMOS, Texas Instruments, Cadence, 65nm, Circuit Design",
33,2025ECE033,Sakshi Jain,student,B.Tech,4.0,ECE,Vlsi Designing,45.0,343,VLSI Design Contest Winner,Won 1st place at VLSI Society of India (VSI) design contest for a power-efficient 16-bit multiplier design using Booth encoding.,Competition,vsi_contest_winner_sakshij.pdf,40.0,Advanced,"VLSI, Digital Design, Power Optimization, Booth Encoding, Competition",
34,2025ME034,Pranav Reddy,student,B.Tech,2.0,ME,Unknown,20.0,54,Line Follower Robot,Built and tuned a line follower robot with PID-based motor control for an inter-department robotics challenge.,Competition,https://github.com/student34/line-follower-robot,21.0,Intermediate,,
34,2025ME034,Pranav Reddy,student,B.Tech,2.0,ME,Unknown,20.0,344,Simulink Vehicle Dynamics Model,"Built a full vehicle dynamics model in Simulink with suspension, tire (Pacejka), and powertrain submodels, validated against real car data.",Project,https://github.com/pranavr/vehicle-dynamics-sim,28.0,Advanced,,
34,2025ME034,Pranav Reddy,student,B.Tech,2.0,ME,Mechatronics,20.0,345,CAN Bus Protocol Implementation,"Implemented CAN bus communication between two STM32 microcontrollers for automotive sensor data sharing, using HAL library and message filtering.",Project,Not Provided,24.0,Intermediate,"CAN Bus, STM32, Embedded Systems, Automotive, C",
34,2025ME034,Pranav Reddy,student,B.Tech,2.0,ME,Mechatronics,20.0,346,Formula SAE Suspension Design,"Designed double-wishbone suspension geometry for Formula Student car using OptimumK software, achieving desired Ackermann steering and camber curves.",Competition,pranavr_fsae_suspension.pdf,26.0,Advanced,,
34,2025ME034,Pranav Reddy,student,B.Tech,2.0,ME,Mechatronics,0.0,347,Python CAN Analyzer,"Wrote a Python tool using python-can library to log, decode, and analyze CAN bus messages from vehicle ECUs with DBC file parsing.",Project,https://github.com/pranavr/can-analyzer,22.0,Intermediate,"Python, CAN Bus, Automotive, Data Analysis, Reverse Engineering",
35,2025CSE035,Anika Verma,student,B.Tech,3.0,CSE,Cse,40.0,55,GenAI Resume Screener,"Built a prototype resume screening assistant using Python, embeddings, prompt engineering, and a React dashboard for recruiters.",Project,Not Provided,35.0,Advanced,"Python, LLM, Embeddings, React, Prompt Engineering, FastAPI",
35,2025CSE035,Anika Verma,student,B.Tech,2.0,CSE,Cse,40.0,348,,"Built a production LLM application with structured output parsing, prompt templating, retry logic, cost tracking, and A/B testing of prompts.",Project,https://github.com/anikav/llm-ops-platform,38.0,Advanced,,
35,2025CSE035,Anika Verma,student,B.Tech,3.0,CSE,Cse,40.0,349,Vector Search with Qdrant,"Implemented semantic document search using Qdrant vector database with hybrid search (dense + sparse), payload filtering, and batch upserts.",Project,https://github.com/anikav/qdrant-semantic-search,34.0,Advanced,"Vector Database, Qdrant, Python, Embeddings, Search, GenAI",
35,2025CSE035,Anika Verma,student,B.Tech,2.0,CSE,Cse,40.0,350,Kubernetes Helm Chart Development,"Created Helm charts for deploying a complex microservices application on Kubernetes with configurable values, hooks, and automated tests.",Project,https://github.com/anikav/helm-charts,28.0,Intermediate,"Kubernetes, Helm, Docker, DevOps, YAML, Cloud Native",
35,2025CSE035,Anika Verma,student,B.Tech,3.0,CSE,Cse,40.0,351,AWS Lambda Serverless Backend,"Built a serverless backend using AWS Lambda, API Gateway, DynamoDB, and S3 with infrastructure as code in AWS CDK.",Project,https://github.com/anikav/serverless-backend,30.0,Advanced,"AWS Lambda, Serverless, DynamoDB, API Gateway, CDK, Python",
35,2025CSE035,Anika Verma,student,B.Tech,3.0,CSE,Cse,40.0,352,Open Source: LangChain Community,Active contributor to LangChain community package with 8 merged PRs adding new document loaders and retriever implementations.,Open Source,https://github.com/langchain-ai/langchain/pulls?q=anikav,40.0,Advanced,,
36,2025ECE036,Aryan Sharma,student,B.Tech,1.0,ECE,Vlsi Designing,15.0,56,Digital Logic Mentor Sessions,Volunteered as a peer mentor for first-year digital logic labs and created concise notes on combinational circuit design.,Other,peer_mentor_logic_sessions.pdf,14.0,Beginner,"Digital Logic, Boolean Algebra, Mentoring",
36,2025ECE036,Aryan Sharma,student,B.Tech,1.0,ECE,Vlsi Designing,15.0,353,Verilog 4-bit ALU,"Designed a 4-bit ALU in Verilog supporting add, subtract, AND, OR, XOR with carry propagation, simulated in ModelSim.",Project,https://github.com/aryans/verilog-alu-basic,14.0,Advanced,"Verilog, Digital Design, ALU, ModelSim, VLSI",
36,2025ECE036,Aryan Sharma,student,B.Tech,1.0,ECE,Vlsi Designing,15.0,354,Electronic Circuit Simulation,"Simulated basic analog circuits (op-amp filters, RC networks, transistor amplifiers) in LTspice and compared with theoretical analysis.",Project,https://github.com/aryans/ltspice-circuits,14.0,Beginner,"LTspice, Electronics, Analog Design, Circuit Simulation",
36,2025ECE036,Aryan Sharma,student,B.Tech,2.0,ECE,Unknown,30.0,355,NPTEL Digital Circuits,,Certification,nptel.ac.in/verify/aryans-digital,14.0,Beginner,"Digital Design, Boolean Algebra, Karnaugh Maps, Sequential Logic",
37,2025ME037,Nivedita Rao,student,B.Tech,4.0,ME,Robotics,50.0,57,ROS Pick-and-Place Bot,"Developed a ROS-based pick-and-place robot demo with inverse kinematics, camera calibration, and object detection integration.",Project,https://github.com/student37/pick-place-bot,37.0,Advanced,"ROS, Computer Vision, Robotics, Python, OpenCV",
37,2025ME037,Nivedita Rao,student,B.Tech,4.0,ME,Robotics,50.0,356,Boston Dynamics-style Gait Control,Implemented a trot gait controller for a quadruped robot using MPC-based footstep planning in Python/PyBullet simulation.,Project,https://github.com/nivedit/quadruped-gait,44.0,Advanced,"Robotics, Python, MPC, PyBullet, Control Systems, Simulation",
37,2025ME037,Nivedita Rao,student,B.Tech,4.0,ME,Robotics,50.0,357,Deep RL Robot Locomotion,"Trained a quadruped robot to walk using Proximal Policy Optimization (PPO) in Isaac Gym simulation, achieving sim-to-real transfer.",Project,https://github.com/nivedit/rl-locomotion,46.0,Advanced,"Deep Learning, Reinforcement Learning, Robotics, Python, Isaac Gym, PPO",
37,2025ME037,Nivedita Rao,student,B.Tech,2.0,ME,Robotics,50.0,358,ROS2 + Gazebo Simulation,"Built a complete mobile robot simulation in ROS2 and Gazebo with SLAM, obstacle avoidance, and integration with Nav2 planner.",Project,https://github.com/nivedit/ros2-gazebo-robot,36.0,Advanced,"ROS2, Gazebo, SLAM, Python, Robotics, Nav2",
37,2025ME037,Nivedita Rao,student,B.Tech,4.0,ME,Robotics,50.0,359,IICR Best Robotics Paper Award,Received best paper award at International Integrative Conference on Robotics 2025 for research on vision-based manipulation.,Research Paper,Not Provided,48.0,Advanced,"Robotics, Computer Vision, Research, Manipulation, Deep Learning",
37,2025ME037,Nivedita Rao,student,B.Tech,4.0,ME,Robotics,50.0,360,Postman API Testing Advanced,"Earned Postman Student Expert certification, building advanced test suites for robotics APIs with mock servers and automated CI integration.",Certification,postman.com/verify/nivedit,22.0,Intermediate,,
38,2025CSE038,Kunal Singh,student,B.Tech,2.0,CSE,Aiml,25.0,58,Student Performance Predictor,Trained and evaluated regression and tree-based models to predict student outcomes using cleaned academic datasets and feature engineering.,Project,https://github.com/student38/performance-predictor,26.0,Intermediate,,
38,2025CSE038,Kunal Singh,student,B.Tech,2.0,CSE,Aiml,25.0,361,PyTorch Custom Training Loop,"Built a custom training loop in PyTorch for image classification with mixed precision training, gradient accumulation, and learning rate scheduling.",Project,https://github.com/kunals/pytorch-training,30.0,Advanced,"PyTorch, Python, Deep Learning, Computer Vision, GPU Training",
38,2025CSE038,Kunal Singh,student,B.Tech,2.0,CSE,Unknown,25.0,362,Weights & Biases Experiment Tracking,"Integrated W&B into ML training pipelines for experiment tracking, hyperparameter sweeps, model registry, and collaborative reporting.",Project,https://github.com/kunals/wandb-ml-tracking,24.0,Advanced,"Weights & Biases, MLOps, Python, Machine Learning, Experiment Tracking",
38,2025CSE038,Kunal Singh,student,B.Tech,2.0,CSE,Aiml,25.0,363,FastAPI + Celery Task Queue,Built an async task processing system using FastAPI for the API layer and Celery with Redis broker for background ML inference jobs.,Project,https://github.com/kunals/fastapi-celery,28.0,Intermediate,"FastAPI, Celery, Redis, Python, Async, Backend, MLOps",
38,2025CSE038,Kunal Singh,student,B.Tech,2.0,CSE,Aiml,25.0,364,Pandas Data Cleaning Pipeline,Built a robust data cleaning pipeline using Pandas and Great Expectations for data quality validation on a 5M row dataset.,Project,https://github.com/kunals/data-cleaning-pipeline,22.0,Advanced,"Pandas, Python, Data Engineering, Great Expectations, Data Quality",
38,2025CSE038,Kunal Singh,student,B.Tech,2.0,CSE,Aiml,25.0,365,Hugging Face Model Deployment,"Deployed a fine-tuned BERT model on Hugging Face Inference Endpoints with optimum quantization, achieving 4x latency improvement.",Project,https://github.com/kunals/hf-model-deploy,26.0,Intermediate,"HuggingFace, NLP, Python, MLOps, Model Optimization, Deployment",
39,2025ECE039,Shreya Mehta,student,B.Tech,3.0,ECE,Vlsi Designing,30.0,59,Verilog UART Controller,Implemented and tested a UART controller in Verilog with waveform validation and synthesis-ready modules.,Lab Project,verilog_uart_controller.zip,28.0,Advanced,"Verilog, UART, Digital Design, VLSI",
39,2025ECE039,Shreya Mehta,student,B.Tech,3.0,ECE,Unknown,35.0,366,Low Power Design Techniques,"Implemented power gating, clock gating, and multi-Vt cell assignment in a digital SoC design using Synopsys PrimeTime PX for analysis.",Project,shreya_low_power_design.pdf,34.0,Advanced,"VLSI, Low Power Design, Synopsys, Clock Gating, Power Analysis, SoC",
39,2025ECE039,Shreya Mehta,student,B.Tech,3.0,ECE,Vlsi Designing,35.0,367,Python RTL Linting Tool,"Developed a Python tool to lint Verilog/SystemVerilog RTL code for naming conventions, common coding guidelines, and potential simulation issues.",Project,https://github.com/shreyam/rtl-linting-tool,28.0,Advanced,"Python, Verilog, SystemVerilog, VLSI, Tool Development, Automation",
39,2025ECE039,Shreya Mehta,student,B.Tech,3.0,ECE,Vlsi Designing,35.0,368,Mixed-Signal Design Fundamentals,"Completed a course on mixed-signal IC design covering ADC/DAC architectures, phase-locked loops, and comparator design.",Course,Not Provided,24.0,Intermediate,"Analog Design, ADC, DAC, PLL, Mixed Signal, VLSI",
39,2025ECE039,Shreya Mehta,student,B.Tech,3.0,ECE,Vlsi Designing,35.0,369,VLSI Conference Reviewer,"Served as student reviewer for 5 papers at VLSI Design 2025 conference, providing detailed technical feedback on submissions.",Extra-Curricular,vlsi2025_reviewer_shreyam.pdf,20.0,Advanced,"VLSI, Research, Peer Review, Digital Design",
40,2025ME040,Aditya Sharma,student,B.Tech,1.0,ME,Robotics,15.0,60,Robot Soccer Starter Challenge,"Built a basic robot soccer prototype using motor drivers, Bluetooth control, and obstacle sensing for a freshman challenge.",Competition,robot_soccer_starter_challenge.pdf,16.0,Beginner,"Robotics, Arduino, Bluetooth, Sensors",
40,2025ME040,Aditya Sharma,student,B.Tech,1.0,ME,Robotics,15.0,370,Arduino Obstacle Avoidance Robot,"Built an autonomous obstacle-avoiding robot using Arduino, HC-SR04 ultrasonic sensor, and L298N motor driver with bang-bang control.",Project,https://github.com/adityash/obstacle-robot,16.0,Beginner,"Arduino, C++, Robotics, Sensors, Embedded Systems",
40,2025ME040,Aditya Sharma,student,B.Tech,1.0,ME,Robotics,15.0,371,Python Turtle Graphics,Created geometric pattern generators and a simple game using Python Turtle graphics as part of an introductory programming module.,Project,https://github.com/adityash/python-turtle,10.0,Beginner,,
40,2025ME040,Aditya Sharma,student,B.Tech,1.0,ME,Robotics,15.0,372,NPTEL Robotics Fundamentals,"Completed NPTEL Introduction to Robotics course covering forward/inverse kinematics, workspace analysis, and basic path planning.",Certification,nptel.ac.in/verify/adityash-robotics,16.0,Beginner,"Robotics, Kinematics, Mathematics, Path Planning",
41,2025CSE041,Ishita Verma,student,B.Tech,4.0,CSE,Aiml,50.0,61,MLOps Credit Risk Pipeline,"Built an end-to-end credit risk workflow with feature stores, model versioning, and Dockerized deployment for batch scoring.",Project,https://github.com/student41/mlops-credit-risk,39.0,Advanced,"Python, MLOps, Docker, Machine Learning, MLflow, FastAPI",
41,2025CSE041,Ishita Verma,student,B.Tech,4.0,CSE,Aiml,50.0,373,Temporal Graph Neural Network,"Researched and implemented a Temporal Graph Convolutional Network for traffic flow prediction, published at ICML Workshop 2025.",Research Paper,https://arxiv.org/abs/ishitav-tgcn,46.0,Advanced,"Graph Neural Networks, Deep Learning, Python, PyTorch, Research, Time Series",
41,2025CSE041,Ishita Verma,student,B.Tech,4.0,CSE,Aiml,50.0,374,Kubernetes GPU Scheduling,"Configured GPU-enabled Kubernetes cluster with NVIDIA device plugin, time-slicing, and custom scheduler for ML workload prioritization.",Project,https://github.com/ishitav/k8s-gpu-scheduling,38.0,Advanced,"Kubernetes, GPU, DevOps, Machine Learning, NVIDIA, Cloud",
41,2025CSE041,Ishita Verma,student,B.Tech,4.0,CSE,Aiml,50.0,375,Ray Distributed Training,"Used Ray Tune and Ray Train for distributed hyperparameter search and multi-GPU training, reducing experiment time by 5x.",Project,https://github.com/ishitav/ray-distributed-ml,34.0,Advanced,"Ray, Distributed Computing, Python, Machine Learning, GPU, MLOps",
41,2025CSE041,Ishita Verma,student,B.Tech,4.0,CSE,Aiml,50.0,376,ONNX Model Optimization,"Converted PyTorch models to ONNX, applied quantization and graph optimizations with ONNX Runtime, achieving 3x inference speedup.",Project,https://github.com/ishitav/onnx-optimization,30.0,Advanced,"ONNX, PyTorch, Model Optimization, Python, Inference, MLOps",
41,2025CSE041,Ishita Verma,student,B.Tech,4.0,CSE,Aiml,50.0,377,Adobe Internship – ML Platform,Interned at Adobe Research Bangalore building automated feature extraction pipeline for Adobe Firefly generative AI models.,Internship,linkedin.com/in/ishitav-adobe,48.0,Advanced,"GenAI, Python, MLOps, Computer Vision, Adobe, Deep Learning",
42,,Raghav Sharma,student,B.Tech,2.0,ECE,Communication Networks,25.0,62,Campus Mesh Network Study,Evaluated routing reliability in a campus mesh network setup and documented latency behavior under simulated node failures.,Research,campus_mesh_network_study.pdf,24.0,Intermediate,,
42,2025ECE042,Raghav Sharma,student,B.Tech,2.0,ECE,Unknown,25.0,378,SDR with GNU Radio,Built a software-defined radio receiver for FM and ADS-B (aircraft transponder) signals using RTL-SDR dongle and GNU Radio Companion.,Project,https://github.com/raghavshar/sdr-gnuradio,26.0,Intermediate,"SDR, GNU Radio, Signal Processing, Python, Radio, Networking",
42,2025ECE042,Raghav Sharma,student,B.Tech,2.0,ECE,Communication Networks,25.0,379,,"Studied and implemented Calico CNI plugin on a bare-metal Kubernetes cluster, configured network policies for pod-to-pod isolation.",Project,https://github.com/raghavshar/k8s-calico-cni,24.0,Intermediate,"Kubernetes, Networking, Calico, CNI, DevOps, Linux",
42,2025ECE042,Raghav Sharma,student,B.Tech,2.0,ECE,Communication Networks,25.0,380,TCP/IP Stack from Scratch,"Implemented a minimal TCP/IP stack in C with Ethernet framing, ARP, IP, ICMP ping, and basic TCP 3-way handshake.",Project,https://github.com/raghavshar/tcp-ip-from-scratch,32.0,Advanced,"C, Networking, TCP/IP, Protocols, Linux, Systems Programming",
42,2025ECE042,Raghav Sharma,student,B.Tech,2.0,ECE,Communication Networks,25.0,381,,"Organized and led a 15-student CCNA study group for 3 months, creating study materials and practice labs using Cisco Packet Tracer.",Extra-Curricular,raghavshar_ccna_studygroup.pdf,18.0,Intermediate,"Networking, Cisco, Leadership, CCNA, Teaching",
43,2025ME043,Priya Nair,student,B.Tech,3.0,ME,Unknown,35.0,63,Warehouse Robot PLC Integration,,Internship,warehouse_robot_plc_integration.pdf,31.0,Advanced,,
43,2025ME043,Priya Nair,student,B.Tech,3.0,ME,Robotics,35.0,382,Autonomous Drone Navigation,"Implemented autonomous drone navigation using ArduPilot, LIDAR-based obstacle avoidance, and GPS waypoint following with Raspberry Pi companion computer.",Project,https://github.com/priyan/autonomous-drone,40.0,Advanced,"Drone, ArduPilot, Python, ROS, LIDAR, Autonomous Navigation",
43,2025ME043,Priya Nair,student,B.Tech,3.0,ME,Robotics,35.0,383,Human-Robot Interaction Research,"Conducted user study on HRI with 30 participants evaluating natural language commands for robot task execution, presented at HRI 2025 workshop.",Research Paper,https://hri2025.priyan-hri-workshop.pdf,38.0,Advanced,"Human-Robot Interaction, Research, ROS, NLP, User Study",
43,2025ME043,Priya Nair,student,B.Tech,3.0,ME,Robotics,35.0,384,OpenCV + PyTorch Vision Pipeline,Built a modular computer vision pipeline combining OpenCV preprocessing with PyTorch inference for real-time object detection and tracking.,Project,https://github.com/priyan/cv-pipeline,32.0,Advanced,,
43,2025ME043,Priya Nair,student,B.Tech,3.0,ME,Robotics,35.0,385,ROS Industrial Training Certificate,"Completed ROS Industrial training covering ROS-I architecture, MoveIt integration, and industrial robot programming with UR5 simulation.",Certification,Not Provided,26.0,Advanced,"ROS, ROS Industrial, MoveIt, Robotics, UR5",
44,2025CSE044,Rohan Kapoor,student,B.Tech,1.0,CSE,Aiml,10.0,64,Image Captioning Prototype,Built a small image captioning demo using pretrained vision-language models and a simple React interface for testing outputs.,Project,https://github.com/student44/image-captioning-prototype,18.0,Intermediate,"Python, Deep Learning, Computer Vision, React, Transformers",
44,2025CSE044,Rohan Kapoor,student,B.Tech,1.0,CSE,Aiml,10.0,386,Stable Diffusion Fine-tuning,"Fine-tuned Stable Diffusion XL on a custom character dataset using DreamBooth technique, generated consistent character images for a game project.",Project,https://github.com/rohank/sdxl-dreambooth,24.0,Intermediate,"GenAI, Stable Diffusion, Python, HuggingFace, Image Generation, Fine-tuning",
44,2025CSE044,Rohan Kapoor,student,B.Tech,1.0,CSE,Aiml,10.0,387,JavaScript Algorithms Practice,"Solved 150+ algorithm problems in JavaScript on LeetCode covering hash maps, two pointers, BFS/DFS, and dynamic programming basics.",Competition,https://leetcode.com/rohank,16.0,Beginner,"JavaScript, Algorithms, Data Structures, Problem Solving",
44,,Rohan Kapoor,student,B.Tech,1.0,CSE,Aiml,10.0,388,React Hooks Deep Dive,"Built 10 custom React hooks for common patterns: useDebounce, usePagination, useInfiniteScroll, useLocalStorage, and useWebSocket.",Project,https://github.com/rohank/custom-react-hooks,18.0,Beginner,"React, JavaScript, TypeScript, Hooks, Frontend",
44,2025CSE044,Rohan Kapoor,student,B.Tech,1.0,CSE,Aiml,10.0,389,OpenAI API Integration Project,"Built a coding assistant web app using OpenAI GPT-4o API with streaming responses, conversation history, and code highlighting.",Project,https://github.com/rohank/coding-assistant,20.0,Beginner,,
45,2025ECE045,Sanya Mehta,student,B.Tech,4.0,ECE,Communication Networks,50.0,65,Network Monitoring Internship,"Assisted with network monitoring dashboards, log correlation, and troubleshooting of campus backbone incidents during a telecom internship.",Internship,network_monitoring_internship.pdf,33.0,Advanced,"Networking, Monitoring, Wireshark, Linux, Telecom",
45,,Sanya Mehta,student,B.Tech,4.0,ECE,Communication Networks,50.0,390,5G Core Network Simulation,"Simulated a 5G standalone core network using Open5GS with gNB emulation, UE authentication, and end-to-end data plane testing.",Project,https://github.com/sanyam/open5gs-simulation,42.0,Advanced,"5G, Open5GS, Networking, Linux, Telecom, Core Network",
45,2025ECE045,Sanya Mehta,student,B.Tech,4.0,ECE,Communication Networks,50.0,391,Network Security Internship – Cisco,"Interned at Cisco Systems working on firewall policy analysis automation using Python and Cisco API, reducing review time by 65%.",Internship,linkedin.com/in/sanyam-cisco,44.0,Advanced,,
45,2025ECE045,Sanya Mehta,student,B.Tech,4.0,ECE,Communication Networks,50.0,392,Kubernetes Network Policies,"Implemented zero-trust network architecture in Kubernetes using Calico network policies, tested with comprehensive traffic flow validation.",Project,https://github.com/sanyam/k8s-zero-trust,32.0,Advanced,"Kubernetes, Networking, Security, Calico, DevOps, Zero Trust",
45,2025ECE045,Sanya Mehta,student,B.Tech,4.0,ECE,Communication Networks,50.0,393,Research: Edge Computing Latency,Published research paper comparing edge computing vs cloud latency for IoT applications across different network conditions at IEEE Edge 2025.,Research Paper,https://ieeexplore.ieee.org/sanyam-edge,28.0,Advanced,"Edge Computing, IoT, Research, Networking, 5G, Latency",
46,2025ME046,Kartik Sharma,student,B.Tech,2.0,ME,Robotics,20.0,394,Gazebo Custom World Simulation,"Created custom Gazebo worlds with physics-accurate obstacles, lighting, and custom robot models for autonomous navigation testing.",Project,https://github.com/kartiks/gazebo-worlds,24.0,Intermediate,"Gazebo, ROS, Simulation, Python, Robotics",
46,2025ME046,Kartik Sharma,student,B.Tech,2.0,ME,Robotics,20.0,395,Arduino + Python Robot Teleoperation,Built a robot teleoperation system with Arduino for hardware control and Python GUI (PyQt5) for operator interface with joystick support.,Project,https://github.com/kartiks/robot-teleoperation,22.0,Intermediate,"Arduino, Python, PyQt5, Robotics, GUI, Embedded Systems",
46,2025ME046,Kartik Sharma,student,B.Tech,2.0,ME,Robotics,20.0,396,NPTEL Machine Learning,"Completed NPTEL Machine Learning course by Prof. S Sarkar with 78% score, covering regression, classification, SVM, and neural networks.",Certification,nptel.ac.in/verify/kartiks-ml,20.0,Beginner,"Machine Learning, Python, scikit-learn, SVM, Neural Networks",
46,2025ME046,Kartik Sharma,student,B.Tech,2.0,ME,Robotics,20.0,397,Robot Operating System Workshop,"Attended 3-day hands-on ROS workshop at IIT Madras, built a simulated mobile robot with mapping, localization, and navigation capabilities.",Workshop,ros_workshop_kartiks.pdf,18.0,Advanced,"ROS, Python, Robotics, SLAM, Navigation",2026-03-16T00:00:00.000Z
47,2025CSE047,Anjali Reddy,student,B.Tech,3.0,CSE,Aiml,40.0,398,Multi-Agent LLM System,"Built a multi-agent LLM system using CrewAI framework with specialized agents for research, coding, and review, orchestrated via LangGraph.",Project,Not Provided,40.0,Advanced,"GenAI, LLM, CrewAI, LangGraph, Python, Multi-Agent",
47,2025CSE047,Anjali Reddy,student,B.Tech,3.0,CSE,Aiml,40.0,399,MLflow + Kubernetes Model Serving,Deployed ML models using MLflow's model registry with Kubernetes-based serving infrastructure and A/B testing for model versions.,Project,Not Provided,34.0,Advanced,"MLflow, Kubernetes, MLOps, Docker, Python, Model Serving",
47,2025CSE047,Anjali Reddy,student,B.Tech,3.0,CSE,Aiml,40.0,400,Time Series Forecasting,"Built an ensemble time series forecasting system combining ARIMA, Prophet, and LSTM models with automatic model selection based on data characteristics.",Project,https://github.com/anjalir/time-series-ensemble,30.0,Advanced,"Python, Time Series, LSTM, Prophet, ARIMA, Machine Learning",
47,,Anjali Reddy,student,B.Tech,3.0,CSE,Aiml,40.0,401,Databricks Certified ML Associate,"Earned Databricks Certified Machine Learning Associate certification covering MLflow, feature stores, AutoML, and distributed training on Spark.",Certification,Not Provided,36.0,Advanced,"Databricks, MLflow, Spark, Machine Learning, MLOps",
47,2025CSE047,Anjali Reddy,student,B.Tech,3.0,CSE,Aiml,40.0,402,Flipkart ML Hackathon – Top 5,Achieved top 5 finish in Flipkart GRiD Machine Learning track by building a product category classifier with 97.3% accuracy using LLM embeddings.,Competition,flipkart_grid_anjalir.pdf,44.0,Advanced,"Machine Learning, LLM, Python, Competition, NLP, Classification",
48,2025ECE048,Aditya Verma,student,B.Tech,1.0,ECE,Communication Networks,15.0,403,Raspberry Pi Home Automation,"Built a home automation system using Raspberry Pi 4, Python Flask server, MQTT broker, and mobile app to control lights and fans.",Project,https://github.com/adityav/pi-home-automation,18.0,Beginner,,
48,2025ECE048,Aditya Verma,student,B.Tech,1.0,ECE,Communication Networks,30.0,404,Cisco Packet Tracer Network Labs,"Completed 20 network simulation labs in Cisco Packet Tracer covering VLAN, OSPF, EIGRP, NAT, and ACL configurations.",Course,adityav_packet_tracer_labs.pdf,14.0,Advanced,"Networking, Cisco, VLAN, OSPF, Routing, Packet Tracer",
48,2025ECE048,Aditya Verma,student,B.Tech,1.0,ECE,Communication Networks,15.0,405,Python Networking Scripts,"Wrote Python scripts for network automation tasks: port scanning with socket, ping sweep, basic packet sniffing using Scapy.",Project,https://github.com/adityav/python-network-tools,16.0,Beginner,"Python, Networking, Scapy, Automation, Security",
49,2025ME049,Ritika Sharma,student,B.Tech,4.0,ME,Robotics,50.0,406,Reinforcement Learning for Manipulation,"Applied Deep Q-Network and SAC algorithms to robotic manipulation tasks in PyBullet simulation, achieving 91% task success rate.",Project,https://github.com/ritikas/rl-manipulation,44.0,Advanced,"Reinforcement Learning, Python, PyBullet, Robotics, Deep Learning, SAC",
49,2025ME049,Ritika Sharma,student,B.Tech,4.0,ME,Robotics,50.0,407,ROS2 + Docker Production Deploy,"Packaged and deployed a complete ROS2 robotics stack in Docker containers with automated testing, CI/CD via GitHub Actions.",Project,https://github.com/ritikas/ros2-docker-ci,34.0,Advanced,"ROS2, Docker, CI/CD, GitHub Actions, DevOps, Robotics",
49,2025ME049,Ritika Sharma,student,B.Tech,4.0,ME,Robotics,50.0,408,Point Cloud Processing with Open3D,"Built a 3D mapping pipeline using LIDAR point clouds processed with Open3D for surface reconstruction, object segmentation, and ICP registration.",Project,https://github.com/ritikas/point-cloud-mapping,36.0,Advanced,"Python, Open3D, Point Cloud, LIDAR, Computer Vision, 3D Mapping",
49,2025ME049,Ritika Sharma,student,B.Tech,4.0,ME,Robotics,50.0,409,Bosch India Robotics Internship,Interned at Bosch India's AI/Robotics team developing perception algorithms for autonomous mobile robots in warehouse environments.,Internship,linkedin.com/in/ritikas-bosch,46.0,Advanced,"Robotics, Python, Computer Vision, AWS, Docker, Autonomous Systems",
49,2025ME049,Ritika Sharma,student,B.Tech,4.0,ME,Robotics,50.0,410,ICRA 2025 Paper Acceptance,"Paper on sim-to-real transfer for robotic grasping accepted at ICRA 2025, one of the top robotics conferences globally.",Research Paper,https://ieeexplore.ieee.org/ritikas-icra,50.0,Advanced,,
50,2025CSE050,Aarav Mehta,student,B.Tech,2.0,CSE,Unknown,30.0,411,ESP32 + AWS IoT Greenhouse,"Built a smart greenhouse monitoring system with ESP32 sensors (temperature, humidity, CO2, light), AWS IoT Core, DynamoDB, and React dashboard.",Project,https://github.com/aaravm/smart-greenhouse,32.0,Advanced,"ESP32, AWS IoT, MQTT, React, DynamoDB, IoT",
50,2025CSE050,Aarav Mehta,student,B.Tech,2.0,CSE,Iot,30.0,412,Kubernetes Operator for IoT Devices,"Developed a custom Kubernetes operator that manages IoT device fleet configurations, firmware OTA updates, and health monitoring.",Project,https://github.com/aaravm/iot-k8s-operator,36.0,Advanced,"Kubernetes, Go, IoT, DevOps, CRD, Cloud Native",
50,2025CSE050,Aarav Mehta,student,B.Tech,2.0,CSE,Iot,30.0,413,MQTT Broker Cluster with EMQX,"Set up a production-grade MQTT broker cluster using EMQX with load balancing, authentication plugins, and Prometheus monitoring.",Project,https://github.com/aaravm/emqx-cluster,28.0,Advanced,"MQTT, EMQX, IoT, Docker, Kubernetes, Monitoring",
50,2025CSE050,Aarav Mehta,student,B.Tech,2.0,CSE,Iot,30.0,414,Edge ML with TensorFlow Lite,,Project,https://github.com/aaravm/tflite-esp32,30.0,Advanced,"TensorFlow Lite, Edge ML, ESP32, Embedded ML, C++, IoT",
50,2025CSE050,Aarav Mehta,student,B.Tech,2.0,CSE,Unknown,30.0,415,IoT Security Research,"Identified and documented 3 common IoT security vulnerabilities (insecure MQTT auth, unencrypted OTA, hardcoded credentials) in popular open-source firmware.",Research,https://github.com/aaravm/iot-security-research,28.0,Advanced,"IoT, Security, MQTT, Research, Cybersecurity, Vulnerability",
45,2025ECE045,Sanya Mehta,student,B.Tech,4.0,ECE,Communication Networks,50.0,393,Research: Edge Computing Latency,Published research paper comparing edge computing vs cloud latency for IoT applications across different network conditions at IEEE Edge 2025.,Research Paper,https://ieeexplore.ieee.org/sanyam-edge,28.0,Advanced,"Edge Computing, IoT, Research, Networking, 5G, Latency",
46,2025ME046,Kartik Sharma,student,B.Tech,2.0,ME,Robotics,20.0,397,Robot Operating System Workshop,"Attended 3-day hands-on ROS workshop at IIT Madras, built a simulated mobile robot with mapping, localization, and navigation capabilities.",Workshop,ros_workshop_kartiks.pdf,18.0,Advanced,"ROS, Python, Robotics, SLAM, Navigation",
